[rag-train-loop] iterations=5 ROOT=/Users/hiendang/project
[rag-train-loop] STRICT_ASSERT=0 SLEEP_SEC=5 NS=multi-agent
[rag-train-loop] ========== iteration 1/5 ==========
[rag-train-loop] pytest (exclude integration)...
........................................................................ [ 16%]
...................................................F.................... [ 32%]
...............................................F.......F................ [ 48%]
........................................................................ [ 64%]
........................................................................ [ 80%]
..F.FFF....................................FFF.......................... [ 97%]
.............                                                            [100%]
=================================== FAILURES ===================================
___________________________ test_classify_crash_hint ___________________________

    def test_classify_crash_hint() -> None:
        root = Path(__file__).resolve().parents[1]
        m = load_diagnostic_matrix(root / "config" / "diagnostic_matrix.yaml")
        ev = AnomalyEvent(
            trace_id="trace-1",
            canonical_query="sum(kube_pod_container_status_waiting_reason)",
            error_hint="crash_loop_backoff",
        )
        row = classify_event(ev, m)
        assert row is not None
>       assert row.symptom_group == "crash_loop_backoff"
E       AssertionError: assert 'generic_unclassified' == 'crash_loop_backoff'
E         
E         - crash_loop_backoff
E         + generic_unclassified

tests/test_diagnostic_dictionary.py:28: AssertionError
__________________ test_slow_path_system_messages_god_vs_sdk ___________________

    def test_slow_path_system_messages_god_vs_sdk() -> None:
        ctx = MagicMock(spec=WorkerHandlerContext)
        ctx.settings = WorkerSettings()
        msgs = _slow_path_system_messages_for_ctx(ctx)
        assert len(msgs) == 2
        assert "SRE Command Generator" in msgs[0]["content"]
        assert "SDK-only" in msgs[1]["content"] or "Cấm** subprocess" in msgs[1]["content"]
    
        ctx.settings = WorkerSettings(god_mode=True)
        msgs_g = _slow_path_system_messages_for_ctx(ctx)
        assert "SRE Command Generator" in msgs_g[0]["content"]
>       assert "God mode" in msgs_g[1]["content"] or "god" in msgs_g[1]["content"].lower()
E       assert ('God mode' in '**Required output:** exactly **one** JSON `{"tool":"...","args":{...}}` — no markdown, no ```, no prose. If only mess...uage summary must be at most 25 words (English; whitespace-separated). JSON: single object. No Vietnamese tool names. ' or 'god' in '**required output:** exactly **one** json `{"tool":"...","args":{...}}` — no markdown, no ```, no prose. if only mess...uage summary must be at most 25 words (english; whitespace-separated). json: single object. no vietnamese tool names. ')
E        +  where '**required output:** exactly **one** json `{"tool":"...","args":{...}}` — no markdown, no ```, no prose. if only mess...uage summary must be at most 25 words (english; whitespace-separated). json: single object. no vietnamese tool names. ' = <built-in method lower of str object at 0x123212000>()
E        +    where <built-in method lower of str object at 0x123212000> = '**Required output:** exactly **one** JSON `{"tool":"...","args":{...}}` — no markdown, no ```, no prose. If only mess...uage summary must be at most 25 words (English; whitespace-separated). JSON: single object. No Vietnamese tool names. '.lower

tests/test_handlers.py:298: AssertionError
__________ test_build_agentic_unattended_god_sdk_first_no_god_fewshot __________

    def test_build_agentic_unattended_god_sdk_first_no_god_fewshot() -> None:
        """God/lab unattended must not inject SLOW_SYSTEM_GOD few-shot (shell-first for kubectl top)."""
        ctx = MagicMock()
        ctx.settings = WorkerSettings(god_mode=True)
        msgs = build_agentic_system_messages(ctx, unattended_alert=True)
        blob = "\n".join(str(m.get("content", "")) for m in msgs)
>       assert "LAB_SHELL" in blob or "last resort" in blob.lower()
E       assert ('LAB_SHELL' in "You are an **SRE Command Generator** (unattended alert — no chat user). FORBIDDEN: prose outside JSON. Every turn MUS...ssing identifiers' before discovery.\n- Escalate only after tools fail or for genuine safety/policy (`args.reason`).\n" or 'last resort' in "you are an **sre command generator** (unattended alert — no chat user). forbidden: prose outside json. every turn mus...ssing identifiers' before discovery.\n- escalate only after tools fail or for genuine safety/policy (`args.reason`).\n")
E        +  where "you are an **sre command generator** (unattended alert — no chat user). forbidden: prose outside json. every turn mus...ssing identifiers' before discovery.\n- escalate only after tools fail or for genuine safety/policy (`args.reason`).\n" = <built-in method lower of str object at 0x1068b6c00>()
E        +    where <built-in method lower of str object at 0x1068b6c00> = "You are an **SRE Command Generator** (unattended alert — no chat user). FORBIDDEN: prose outside JSON. Every turn MUS...ssing identifiers' before discovery.\n- Escalate only after tools fail or for genuine safety/policy (`args.reason`).\n".lower

tests/test_handlers_inbound_preview.py:151: AssertionError
__________________ test_record_routing_god_auto_execute_shell __________________

    @pytest.mark.asyncio
    async def test_record_routing_god_auto_execute_shell() -> None:
        ws = WorkerSettings(god_mode=True)
        ctx = MagicMock()
        ctx.settings = ws
        ctx.inbound_user_text = "chạy kubectl get pods cho anh"
        ctx.ollama = MagicMock()
        ctx.ollama.embed = AsyncMock(return_value={"embedding": [0.05] * 768})
        ctx.vector_store = MagicMock()
        ctx.vector_store.upsert = AsyncMock()
        ctx.semaphore = MagicMock()
        ctx.semaphore.acquire = AsyncMock(return_value="tok")
        ctx.semaphore.release = AsyncMock()
        ctx.ollama_slot_held = False
    
        await record_routing_from_success(
            ctx,
            tool="execute_shell_command",
            args={"command": "kubectl get pods -A"},
            trace_id="tg",
        )
        pt = ctx.vector_store.upsert.call_args.kwargs["points"][0]
>       assert pt.payload["auto_execute"] is True
E       assert False is True

tests/test_routing_experience.py:176: AssertionError
_________________________ test_shell_fast_path_enabled _________________________

    def test_shell_fast_path_enabled() -> None:
        assert shell_fast_path_enabled(None) is False
        assert shell_fast_path_enabled(WorkerSettings()) is False
>       assert shell_fast_path_enabled(WorkerSettings(god_mode=True)) is True
E       AssertionError: assert False is True
E        +  where False = shell_fast_path_enabled(WorkerSettings(redis_url='redis://redis:6379/0', redis_sentinel_hosts='', redis_sentinel_master_name='mymaster', kafka...owledge_sources.yaml', knowledge_enrich_enabled=False, knowledge_ingest_embed_batch=16, knowledge_ingest_concurrency=2))
E        +    where WorkerSettings(redis_url='redis://redis:6379/0', redis_sentinel_hosts='', redis_sentinel_master_name='mymaster', kafka...owledge_sources.yaml', knowledge_enrich_enabled=False, knowledge_ingest_embed_batch=16, knowledge_ingest_concurrency=2) = WorkerSettings(god_mode=True)

tests/test_routing_policy_god.py:17: AssertionError
____________ test_is_fast_path_auto_allowed_execute_shell_god_only _____________

    def test_is_fast_path_auto_allowed_execute_shell_god_only() -> None:
        assert is_fast_path_auto_allowed("execute_shell_command", None) is False
        assert is_fast_path_auto_allowed("execute_shell_command", WorkerSettings()) is False
>       assert is_fast_path_auto_allowed("execute_shell_command", WorkerSettings(god_mode=True)) is True
E       AssertionError: assert False is True
E        +  where False = is_fast_path_auto_allowed('execute_shell_command', WorkerSettings(redis_url='redis://redis:6379/0', redis_sentinel_hosts='', redis_sentinel_master_name='mymaster', kafka...owledge_sources.yaml', knowledge_enrich_enabled=False, knowledge_ingest_embed_batch=16, knowledge_ingest_concurrency=2))
E        +    where WorkerSettings(redis_url='redis://redis:6379/0', redis_sentinel_hosts='', redis_sentinel_master_name='mymaster', kafka...owledge_sources.yaml', knowledge_enrich_enabled=False, knowledge_ingest_embed_batch=16, knowledge_ingest_concurrency=2) = WorkerSettings(god_mode=True)

tests/test_routing_policy_god.py:24: AssertionError
________________________ test_fast_path_allowlist_union ________________________

    def test_fast_path_allowlist_union() -> None:
        base = fast_path_auto_execute_allowlist(WorkerSettings())
        god = fast_path_auto_execute_allowlist(WorkerSettings(god_mode=True))
        assert "echo" in base and "echo" in god
        assert "execute_shell_command" not in base
>       assert "execute_shell_command" in god
E       AssertionError: assert 'execute_shell_command' in frozenset({'audit_observability_stack', 'echo', 'forecast_memory_risk_vm', 'forecast_metric_prophet', 'get_historical_series_dataframe', 'k8s_list_pods', ...})

tests/test_routing_policy_god.py:34: AssertionError
__________ test_expand_god_mode_sets_auto_execute_for_shell_template ___________

    def test_expand_god_mode_sets_auto_execute_for_shell_template() -> None:
        seed = SopSeedFile(
            version=1,
            templates=[
                SopTemplateModel(
                    template_id="shell_one",
                    allow_auto_execute=True,
                    tool="execute_shell_command",
                    args={"command": "kubectl version --client"},
                    match_text_template="cli check {x}",
                    slots={"x": ["a"]},
                ),
            ],
        )
        default_entries = expand_entries(seed, max_total=10, god_mode=False)
        god_entries = expand_entries(seed, max_total=10, god_mode=True)
        assert default_entries[0].auto_execute is False
>       assert god_entries[0].auto_execute is True
E       assert False is True
E        +  where False = ExpandedSopEntry(template_id='shell_one', variant_key='{"x": "a"}', point_id='6a5829c8-8969-512f-858b-f78db9b85a70', match_text='cli check a', tool='execute_shell_command', args={'command': 'kubectl version --client'}, auto_execute=False).auto_execute

tests/test_sop_expand_god.py:25: AssertionError
___________________ test_run_ingest_dry_run_calls_no_upsert ____________________

    @pytest.mark.asyncio
    async def test_run_ingest_dry_run_calls_no_upsert() -> None:
        settings = WorkerSettings(
            sop_seed_path=str(_FIXTURE),
            max_sop_contexts=500,
            sop_ingest_embed_batch=8,
            sop_ingest_upsert_batch=16,
        )
        mock_pool = AsyncMock()
        mock_store = MagicMock()
        mock_store.upsert = AsyncMock()
        mock_store.close = AsyncMock()
    
        with patch("training.sop_ingest.init_pg_pool", new_callable=AsyncMock, return_value=mock_pool):
            with patch("training.sop_ingest.PGVectorStore", return_value=mock_store):
    
                async def ollama_embed(*, model: str, input: list | str, **kw):  # noqa: A002
                    n = len(input) if isinstance(input, list) else 1
                    return {"embeddings": [[0.1] * 768 for _ in range(n)]}
    
                ollama_close = AsyncMock()
                with patch("training.sop_ingest.OllamaClient") as Oc:
                    o = MagicMock()
                    o.embed = AsyncMock(side_effect=ollama_embed)
                    o.aclose = ollama_close
                    Oc.return_value = o
>                   n = await run_ingest(
                        settings=settings,
                        seed_path=_FIXTURE,
                        dry_run=True,
                    )

tests/test_sop_ingest.py:42: 
_ _ _ _ _ _ _ _ _ _ _ _ _ _ _ _ _ _ _ _ _ _ _ _ _ _ _ _ _ _ _ _ _ _ _ _ _ _ _ _ 
src/training/sop_ingest.py:87: in run_ingest
    pg_settings = PostgresRAGSettings()
                  ^^^^^^^^^^^^^^^^^^^^^
_ _ _ _ _ _ _ _ _ _ _ _ _ _ _ _ _ _ _ _ _ _ _ _ _ _ _ _ _ _ _ _ _ _ _ _ _ _ _ _ 

__pydantic_self__ = PostgresRAGSettings(), _case_sensitive = None
_nested_model_default_partial_update = None, _env_prefix = None
_env_prefix_target = None, _env_file = PosixPath('.'), _env_file_encoding = None
_env_ignore_empty = None, _env_nested_delimiter = None
_env_nested_max_split = None, _env_parse_none_str = None
_env_parse_enums = None, _cli_prog_name = None, _cli_parse_args = None
_cli_settings_source = None, _cli_parse_none_str = None
_cli_hide_none_type = None, _cli_avoid_json = None, _cli_enforce_required = None
_cli_use_class_docs_for_groups = None, _cli_exit_on_error = None
_cli_prefix = None, _cli_flag_prefix_char = None, _cli_implicit_flags = None
_cli_ignore_unknown_args = None, _cli_kebab_case = None, _cli_shortcuts = None
_secrets_dir = None, _build_sources = None, values = {}
sources = (InitSettingsSource(init_kwargs={}), EnvSettingsSource(env_nested_delimiter=None, env_prefix_len=9), DotEnvSettingsSou...efix_len=9), SecretsSettingsSource(secrets_dir=None), DefaultSettingsSource(nested_model_default_partial_update=False))
init_kwargs = {}

    def __init__(
        __pydantic_self__,
        _case_sensitive: bool | None = None,
        _nested_model_default_partial_update: bool | None = None,
        _env_prefix: str | None = None,
        _env_prefix_target: EnvPrefixTarget | None = None,
        _env_file: DotenvType | None = ENV_FILE_SENTINEL,
        _env_file_encoding: str | None = None,
        _env_ignore_empty: bool | None = None,
        _env_nested_delimiter: str | None = None,
        _env_nested_max_split: int | None = None,
        _env_parse_none_str: str | None = None,
        _env_parse_enums: bool | None = None,
        _cli_prog_name: str | None = None,
        _cli_parse_args: bool | list[str] | tuple[str, ...] | None = None,
        _cli_settings_source: CliSettingsSource[Any] | None = None,
        _cli_parse_none_str: str | None = None,
        _cli_hide_none_type: bool | None = None,
        _cli_avoid_json: bool | None = None,
        _cli_enforce_required: bool | None = None,
        _cli_use_class_docs_for_groups: bool | None = None,
        _cli_exit_on_error: bool | None = None,
        _cli_prefix: str | None = None,
        _cli_flag_prefix_char: str | None = None,
        _cli_implicit_flags: bool | Literal['dual', 'toggle'] | None = None,
        _cli_ignore_unknown_args: bool | None = None,
        _cli_kebab_case: bool | Literal['all', 'no_enums'] | None = None,
        _cli_shortcuts: Mapping[str, str | list[str]] | None = None,
        _secrets_dir: PathType | None = None,
        _build_sources: tuple[tuple[PydanticBaseSettingsSource, ...], dict[str, Any]] | None = None,
        **values: Any,
    ) -> None:
        sources, init_kwargs = (
            _build_sources
            if _build_sources is not None
            else __pydantic_self__.__class__._settings_init_sources(
                _case_sensitive=_case_sensitive,
                _nested_model_default_partial_update=_nested_model_default_partial_update,
                _env_prefix=_env_prefix,
                _env_prefix_target=_env_prefix_target,
                _env_file=_env_file,
                _env_file_encoding=_env_file_encoding,
                _env_ignore_empty=_env_ignore_empty,
                _env_nested_delimiter=_env_nested_delimiter,
                _env_nested_max_split=_env_nested_max_split,
                _env_parse_none_str=_env_parse_none_str,
                _env_parse_enums=_env_parse_enums,
                _cli_prog_name=_cli_prog_name,
                _cli_parse_args=_cli_parse_args,
                _cli_settings_source=_cli_settings_source,
                _cli_parse_none_str=_cli_parse_none_str,
                _cli_hide_none_type=_cli_hide_none_type,
                _cli_avoid_json=_cli_avoid_json,
                _cli_enforce_required=_cli_enforce_required,
                _cli_use_class_docs_for_groups=_cli_use_class_docs_for_groups,
                _cli_exit_on_error=_cli_exit_on_error,
                _cli_prefix=_cli_prefix,
                _cli_flag_prefix_char=_cli_flag_prefix_char,
                _cli_implicit_flags=_cli_implicit_flags,
                _cli_ignore_unknown_args=_cli_ignore_unknown_args,
                _cli_kebab_case=_cli_kebab_case,
                _cli_shortcuts=_cli_shortcuts,
                _secrets_dir=_secrets_dir,
                **values,
            )
        )
    
>       super().__init__(**__pydantic_self__.__class__._settings_build_values(sources, init_kwargs))
E       pydantic_core._pydantic_core.ValidationError: 1 validation error for PostgresRAGSettings
E       rag_dsn
E         Value error, POSTGRES_RAG_DSN must be injected from Secret; placeholder/default password is not allowed. [type=value_error, input_value='postgresql://appuser:${O...pool-gateway:5432/ragdb', input_type=str]
E           For further information visit https://errors.pydantic.dev/2.12/v/value_error

.venv/lib/python3.13/site-packages/pydantic_settings/main.py:242: ValidationError
________________________ test_run_ingest_upsert_batches ________________________

    @pytest.mark.asyncio
    async def test_run_ingest_upsert_batches() -> None:
        settings = WorkerSettings(
            sop_seed_path=str(_FIXTURE),
            max_sop_contexts=500,
            sop_ingest_embed_batch=4,
            sop_ingest_upsert_batch=8,
            training_ollama_concurrency=2,
        )
        batches: list[int] = []
    
        async def upsert_side_effect(*, collection_name: str, points: list) -> None:
            batches.append(len(points))
    
        mock_pool = AsyncMock()
        mock_store = MagicMock()
        mock_store.upsert = AsyncMock(side_effect=upsert_side_effect)
        mock_store.close = AsyncMock()
    
        with patch("training.sop_ingest.init_pg_pool", new_callable=AsyncMock, return_value=mock_pool):
            with patch("training.sop_ingest.PGVectorStore", return_value=mock_store):
    
                async def embed_side_effect(*, model: str, input: list, **kw):  # noqa: A002
                    n = len(input) if isinstance(input, list) else 1
                    return {"embeddings": [[0.02 * (i % 7)] * 768 for i in range(n)]}
    
                with patch("training.sop_ingest.OllamaClient") as Oc:
                    o = MagicMock()
                    o.embed = AsyncMock(side_effect=embed_side_effect)
                    o.aclose = AsyncMock()
                    Oc.return_value = o
>                   n = await run_ingest(settings=settings, seed_path=_FIXTURE, dry_run=False)
                        ^^^^^^^^^^^^^^^^^^^^^^^^^^^^^^^^^^^^^^^^^^^^^^^^^^^^^^^^^^^^^^^^^^^^^^

tests/test_sop_ingest.py:82: 
_ _ _ _ _ _ _ _ _ _ _ _ _ _ _ _ _ _ _ _ _ _ _ _ _ _ _ _ _ _ _ _ _ _ _ _ _ _ _ _ 
src/training/sop_ingest.py:87: in run_ingest
    pg_settings = PostgresRAGSettings()
                  ^^^^^^^^^^^^^^^^^^^^^
_ _ _ _ _ _ _ _ _ _ _ _ _ _ _ _ _ _ _ _ _ _ _ _ _ _ _ _ _ _ _ _ _ _ _ _ _ _ _ _ 

__pydantic_self__ = PostgresRAGSettings(), _case_sensitive = None
_nested_model_default_partial_update = None, _env_prefix = None
_env_prefix_target = None, _env_file = PosixPath('.'), _env_file_encoding = None
_env_ignore_empty = None, _env_nested_delimiter = None
_env_nested_max_split = None, _env_parse_none_str = None
_env_parse_enums = None, _cli_prog_name = None, _cli_parse_args = None
_cli_settings_source = None, _cli_parse_none_str = None
_cli_hide_none_type = None, _cli_avoid_json = None, _cli_enforce_required = None
_cli_use_class_docs_for_groups = None, _cli_exit_on_error = None
_cli_prefix = None, _cli_flag_prefix_char = None, _cli_implicit_flags = None
_cli_ignore_unknown_args = None, _cli_kebab_case = None, _cli_shortcuts = None
_secrets_dir = None, _build_sources = None, values = {}
sources = (InitSettingsSource(init_kwargs={}), EnvSettingsSource(env_nested_delimiter=None, env_prefix_len=9), DotEnvSettingsSou...efix_len=9), SecretsSettingsSource(secrets_dir=None), DefaultSettingsSource(nested_model_default_partial_update=False))
init_kwargs = {}

    def __init__(
        __pydantic_self__,
        _case_sensitive: bool | None = None,
        _nested_model_default_partial_update: bool | None = None,
        _env_prefix: str | None = None,
        _env_prefix_target: EnvPrefixTarget | None = None,
        _env_file: DotenvType | None = ENV_FILE_SENTINEL,
        _env_file_encoding: str | None = None,
        _env_ignore_empty: bool | None = None,
        _env_nested_delimiter: str | None = None,
        _env_nested_max_split: int | None = None,
        _env_parse_none_str: str | None = None,
        _env_parse_enums: bool | None = None,
        _cli_prog_name: str | None = None,
        _cli_parse_args: bool | list[str] | tuple[str, ...] | None = None,
        _cli_settings_source: CliSettingsSource[Any] | None = None,
        _cli_parse_none_str: str | None = None,
        _cli_hide_none_type: bool | None = None,
        _cli_avoid_json: bool | None = None,
        _cli_enforce_required: bool | None = None,
        _cli_use_class_docs_for_groups: bool | None = None,
        _cli_exit_on_error: bool | None = None,
        _cli_prefix: str | None = None,
        _cli_flag_prefix_char: str | None = None,
        _cli_implicit_flags: bool | Literal['dual', 'toggle'] | None = None,
        _cli_ignore_unknown_args: bool | None = None,
        _cli_kebab_case: bool | Literal['all', 'no_enums'] | None = None,
        _cli_shortcuts: Mapping[str, str | list[str]] | None = None,
        _secrets_dir: PathType | None = None,
        _build_sources: tuple[tuple[PydanticBaseSettingsSource, ...], dict[str, Any]] | None = None,
        **values: Any,
    ) -> None:
        sources, init_kwargs = (
            _build_sources
            if _build_sources is not None
            else __pydantic_self__.__class__._settings_init_sources(
                _case_sensitive=_case_sensitive,
                _nested_model_default_partial_update=_nested_model_default_partial_update,
                _env_prefix=_env_prefix,
                _env_prefix_target=_env_prefix_target,
                _env_file=_env_file,
                _env_file_encoding=_env_file_encoding,
                _env_ignore_empty=_env_ignore_empty,
                _env_nested_delimiter=_env_nested_delimiter,
                _env_nested_max_split=_env_nested_max_split,
                _env_parse_none_str=_env_parse_none_str,
                _env_parse_enums=_env_parse_enums,
                _cli_prog_name=_cli_prog_name,
                _cli_parse_args=_cli_parse_args,
                _cli_settings_source=_cli_settings_source,
                _cli_parse_none_str=_cli_parse_none_str,
                _cli_hide_none_type=_cli_hide_none_type,
                _cli_avoid_json=_cli_avoid_json,
                _cli_enforce_required=_cli_enforce_required,
                _cli_use_class_docs_for_groups=_cli_use_class_docs_for_groups,
                _cli_exit_on_error=_cli_exit_on_error,
                _cli_prefix=_cli_prefix,
                _cli_flag_prefix_char=_cli_flag_prefix_char,
                _cli_implicit_flags=_cli_implicit_flags,
                _cli_ignore_unknown_args=_cli_ignore_unknown_args,
                _cli_kebab_case=_cli_kebab_case,
                _cli_shortcuts=_cli_shortcuts,
                _secrets_dir=_secrets_dir,
                **values,
            )
        )
    
>       super().__init__(**__pydantic_self__.__class__._settings_build_values(sources, init_kwargs))
E       pydantic_core._pydantic_core.ValidationError: 1 validation error for PostgresRAGSettings
E       rag_dsn
E         Value error, POSTGRES_RAG_DSN must be injected from Secret; placeholder/default password is not allowed. [type=value_error, input_value='postgresql://appuser:${O...pool-gateway:5432/ragdb', input_type=str]
E           For further information visit https://errors.pydantic.dev/2.12/v/value_error

.venv/lib/python3.13/site-packages/pydantic_settings/main.py:242: ValidationError
=========================== short test summary info ============================
FAILED tests/test_diagnostic_dictionary.py::test_classify_crash_hint - Assert...
FAILED tests/test_handlers.py::test_slow_path_system_messages_god_vs_sdk - as...
FAILED tests/test_handlers_inbound_preview.py::test_build_agentic_unattended_god_sdk_first_no_god_fewshot
FAILED tests/test_routing_experience.py::test_record_routing_god_auto_execute_shell
FAILED tests/test_routing_policy_god.py::test_shell_fast_path_enabled - Asser...
FAILED tests/test_routing_policy_god.py::test_is_fast_path_auto_allowed_execute_shell_god_only
FAILED tests/test_routing_policy_god.py::test_fast_path_allowlist_union - Ass...
FAILED tests/test_sop_expand_god.py::test_expand_god_mode_sets_auto_execute_for_shell_template
FAILED tests/test_sop_ingest.py::test_run_ingest_dry_run_calls_no_upsert - py...
FAILED tests/test_sop_ingest.py::test_run_ingest_upsert_batches - pydantic_co...
10 failed, 435 passed in 4.28s
[rag-train-loop] FAIL: pytest iteration 1
[rag-train-loop] iteration 1 FAILED (6s)
[rag-train-loop] ========== iteration 2/5 ==========
[rag-train-loop] pytest (exclude integration)...
........................................................................ [ 16%]
...................................................F.................... [ 32%]
...............................................F.......F................ [ 48%]
........................................................................ [ 64%]
........................................................................ [ 80%]
..F.FFF....................................FFF.......................... [ 97%]
.............                                                            [100%]
=================================== FAILURES ===================================
___________________________ test_classify_crash_hint ___________________________

    def test_classify_crash_hint() -> None:
        root = Path(__file__).resolve().parents[1]
        m = load_diagnostic_matrix(root / "config" / "diagnostic_matrix.yaml")
        ev = AnomalyEvent(
            trace_id="trace-1",
            canonical_query="sum(kube_pod_container_status_waiting_reason)",
            error_hint="crash_loop_backoff",
        )
        row = classify_event(ev, m)
        assert row is not None
>       assert row.symptom_group == "crash_loop_backoff"
E       AssertionError: assert 'generic_unclassified' == 'crash_loop_backoff'
E         
E         - crash_loop_backoff
E         + generic_unclassified

tests/test_diagnostic_dictionary.py:28: AssertionError
__________________ test_slow_path_system_messages_god_vs_sdk ___________________

    def test_slow_path_system_messages_god_vs_sdk() -> None:
        ctx = MagicMock(spec=WorkerHandlerContext)
        ctx.settings = WorkerSettings()
        msgs = _slow_path_system_messages_for_ctx(ctx)
        assert len(msgs) == 2
        assert "SRE Command Generator" in msgs[0]["content"]
        assert "SDK-only" in msgs[1]["content"] or "Cấm** subprocess" in msgs[1]["content"]
    
        ctx.settings = WorkerSettings(god_mode=True)
        msgs_g = _slow_path_system_messages_for_ctx(ctx)
        assert "SRE Command Generator" in msgs_g[0]["content"]
>       assert "God mode" in msgs_g[1]["content"] or "god" in msgs_g[1]["content"].lower()
E       assert ('God mode' in '**Required output:** exactly **one** JSON `{"tool":"...","args":{...}}` — no markdown, no ```, no prose. If only mess...uage summary must be at most 25 words (English; whitespace-separated). JSON: single object. No Vietnamese tool names. ' or 'god' in '**required output:** exactly **one** json `{"tool":"...","args":{...}}` — no markdown, no ```, no prose. if only mess...uage summary must be at most 25 words (english; whitespace-separated). json: single object. no vietnamese tool names. ')
E        +  where '**required output:** exactly **one** json `{"tool":"...","args":{...}}` — no markdown, no ```, no prose. if only mess...uage summary must be at most 25 words (english; whitespace-separated). json: single object. no vietnamese tool names. ' = <built-in method lower of str object at 0x1286c0800>()
E        +    where <built-in method lower of str object at 0x1286c0800> = '**Required output:** exactly **one** JSON `{"tool":"...","args":{...}}` — no markdown, no ```, no prose. If only mess...uage summary must be at most 25 words (English; whitespace-separated). JSON: single object. No Vietnamese tool names. '.lower

tests/test_handlers.py:298: AssertionError
__________ test_build_agentic_unattended_god_sdk_first_no_god_fewshot __________

    def test_build_agentic_unattended_god_sdk_first_no_god_fewshot() -> None:
        """God/lab unattended must not inject SLOW_SYSTEM_GOD few-shot (shell-first for kubectl top)."""
        ctx = MagicMock()
        ctx.settings = WorkerSettings(god_mode=True)
        msgs = build_agentic_system_messages(ctx, unattended_alert=True)
        blob = "\n".join(str(m.get("content", "")) for m in msgs)
>       assert "LAB_SHELL" in blob or "last resort" in blob.lower()
E       assert ('LAB_SHELL' in "You are an **SRE Command Generator** (unattended alert — no chat user). FORBIDDEN: prose outside JSON. Every turn MUS...ssing identifiers' before discovery.\n- Escalate only after tools fail or for genuine safety/policy (`args.reason`).\n" or 'last resort' in "you are an **sre command generator** (unattended alert — no chat user). forbidden: prose outside json. every turn mus...ssing identifiers' before discovery.\n- escalate only after tools fail or for genuine safety/policy (`args.reason`).\n")
E        +  where "you are an **sre command generator** (unattended alert — no chat user). forbidden: prose outside json. every turn mus...ssing identifiers' before discovery.\n- escalate only after tools fail or for genuine safety/policy (`args.reason`).\n" = <built-in method lower of str object at 0x1286af400>()
E        +    where <built-in method lower of str object at 0x1286af400> = "You are an **SRE Command Generator** (unattended alert — no chat user). FORBIDDEN: prose outside JSON. Every turn MUS...ssing identifiers' before discovery.\n- Escalate only after tools fail or for genuine safety/policy (`args.reason`).\n".lower

tests/test_handlers_inbound_preview.py:151: AssertionError
__________________ test_record_routing_god_auto_execute_shell __________________

    @pytest.mark.asyncio
    async def test_record_routing_god_auto_execute_shell() -> None:
        ws = WorkerSettings(god_mode=True)
        ctx = MagicMock()
        ctx.settings = ws
        ctx.inbound_user_text = "chạy kubectl get pods cho anh"
        ctx.ollama = MagicMock()
        ctx.ollama.embed = AsyncMock(return_value={"embedding": [0.05] * 768})
        ctx.vector_store = MagicMock()
        ctx.vector_store.upsert = AsyncMock()
        ctx.semaphore = MagicMock()
        ctx.semaphore.acquire = AsyncMock(return_value="tok")
        ctx.semaphore.release = AsyncMock()
        ctx.ollama_slot_held = False
    
        await record_routing_from_success(
            ctx,
            tool="execute_shell_command",
            args={"command": "kubectl get pods -A"},
            trace_id="tg",
        )
        pt = ctx.vector_store.upsert.call_args.kwargs["points"][0]
>       assert pt.payload["auto_execute"] is True
E       assert False is True

tests/test_routing_experience.py:176: AssertionError
_________________________ test_shell_fast_path_enabled _________________________

    def test_shell_fast_path_enabled() -> None:
        assert shell_fast_path_enabled(None) is False
        assert shell_fast_path_enabled(WorkerSettings()) is False
>       assert shell_fast_path_enabled(WorkerSettings(god_mode=True)) is True
E       AssertionError: assert False is True
E        +  where False = shell_fast_path_enabled(WorkerSettings(redis_url='redis://redis:6379/0', redis_sentinel_hosts='', redis_sentinel_master_name='mymaster', kafka...owledge_sources.yaml', knowledge_enrich_enabled=False, knowledge_ingest_embed_batch=16, knowledge_ingest_concurrency=2))
E        +    where WorkerSettings(redis_url='redis://redis:6379/0', redis_sentinel_hosts='', redis_sentinel_master_name='mymaster', kafka...owledge_sources.yaml', knowledge_enrich_enabled=False, knowledge_ingest_embed_batch=16, knowledge_ingest_concurrency=2) = WorkerSettings(god_mode=True)

tests/test_routing_policy_god.py:17: AssertionError
____________ test_is_fast_path_auto_allowed_execute_shell_god_only _____________

    def test_is_fast_path_auto_allowed_execute_shell_god_only() -> None:
        assert is_fast_path_auto_allowed("execute_shell_command", None) is False
        assert is_fast_path_auto_allowed("execute_shell_command", WorkerSettings()) is False
>       assert is_fast_path_auto_allowed("execute_shell_command", WorkerSettings(god_mode=True)) is True
E       AssertionError: assert False is True
E        +  where False = is_fast_path_auto_allowed('execute_shell_command', WorkerSettings(redis_url='redis://redis:6379/0', redis_sentinel_hosts='', redis_sentinel_master_name='mymaster', kafka...owledge_sources.yaml', knowledge_enrich_enabled=False, knowledge_ingest_embed_batch=16, knowledge_ingest_concurrency=2))
E        +    where WorkerSettings(redis_url='redis://redis:6379/0', redis_sentinel_hosts='', redis_sentinel_master_name='mymaster', kafka...owledge_sources.yaml', knowledge_enrich_enabled=False, knowledge_ingest_embed_batch=16, knowledge_ingest_concurrency=2) = WorkerSettings(god_mode=True)

tests/test_routing_policy_god.py:24: AssertionError
________________________ test_fast_path_allowlist_union ________________________

    def test_fast_path_allowlist_union() -> None:
        base = fast_path_auto_execute_allowlist(WorkerSettings())
        god = fast_path_auto_execute_allowlist(WorkerSettings(god_mode=True))
        assert "echo" in base and "echo" in god
        assert "execute_shell_command" not in base
>       assert "execute_shell_command" in god
E       AssertionError: assert 'execute_shell_command' in frozenset({'audit_observability_stack', 'echo', 'forecast_memory_risk_vm', 'forecast_metric_prophet', 'get_historical_series_dataframe', 'k8s_list_pods', ...})

tests/test_routing_policy_god.py:34: AssertionError
__________ test_expand_god_mode_sets_auto_execute_for_shell_template ___________

    def test_expand_god_mode_sets_auto_execute_for_shell_template() -> None:
        seed = SopSeedFile(
            version=1,
            templates=[
                SopTemplateModel(
                    template_id="shell_one",
                    allow_auto_execute=True,
                    tool="execute_shell_command",
                    args={"command": "kubectl version --client"},
                    match_text_template="cli check {x}",
                    slots={"x": ["a"]},
                ),
            ],
        )
        default_entries = expand_entries(seed, max_total=10, god_mode=False)
        god_entries = expand_entries(seed, max_total=10, god_mode=True)
        assert default_entries[0].auto_execute is False
>       assert god_entries[0].auto_execute is True
E       assert False is True
E        +  where False = ExpandedSopEntry(template_id='shell_one', variant_key='{"x": "a"}', point_id='6a5829c8-8969-512f-858b-f78db9b85a70', match_text='cli check a', tool='execute_shell_command', args={'command': 'kubectl version --client'}, auto_execute=False).auto_execute

tests/test_sop_expand_god.py:25: AssertionError
___________________ test_run_ingest_dry_run_calls_no_upsert ____________________

    @pytest.mark.asyncio
    async def test_run_ingest_dry_run_calls_no_upsert() -> None:
        settings = WorkerSettings(
            sop_seed_path=str(_FIXTURE),
            max_sop_contexts=500,
            sop_ingest_embed_batch=8,
            sop_ingest_upsert_batch=16,
        )
        mock_pool = AsyncMock()
        mock_store = MagicMock()
        mock_store.upsert = AsyncMock()
        mock_store.close = AsyncMock()
    
        with patch("training.sop_ingest.init_pg_pool", new_callable=AsyncMock, return_value=mock_pool):
            with patch("training.sop_ingest.PGVectorStore", return_value=mock_store):
    
                async def ollama_embed(*, model: str, input: list | str, **kw):  # noqa: A002
                    n = len(input) if isinstance(input, list) else 1
                    return {"embeddings": [[0.1] * 768 for _ in range(n)]}
    
                ollama_close = AsyncMock()
                with patch("training.sop_ingest.OllamaClient") as Oc:
                    o = MagicMock()
                    o.embed = AsyncMock(side_effect=ollama_embed)
                    o.aclose = ollama_close
                    Oc.return_value = o
>                   n = await run_ingest(
                        settings=settings,
                        seed_path=_FIXTURE,
                        dry_run=True,
                    )

tests/test_sop_ingest.py:42: 
_ _ _ _ _ _ _ _ _ _ _ _ _ _ _ _ _ _ _ _ _ _ _ _ _ _ _ _ _ _ _ _ _ _ _ _ _ _ _ _ 
src/training/sop_ingest.py:87: in run_ingest
    pg_settings = PostgresRAGSettings()
                  ^^^^^^^^^^^^^^^^^^^^^
_ _ _ _ _ _ _ _ _ _ _ _ _ _ _ _ _ _ _ _ _ _ _ _ _ _ _ _ _ _ _ _ _ _ _ _ _ _ _ _ 

__pydantic_self__ = PostgresRAGSettings(), _case_sensitive = None
_nested_model_default_partial_update = None, _env_prefix = None
_env_prefix_target = None, _env_file = PosixPath('.'), _env_file_encoding = None
_env_ignore_empty = None, _env_nested_delimiter = None
_env_nested_max_split = None, _env_parse_none_str = None
_env_parse_enums = None, _cli_prog_name = None, _cli_parse_args = None
_cli_settings_source = None, _cli_parse_none_str = None
_cli_hide_none_type = None, _cli_avoid_json = None, _cli_enforce_required = None
_cli_use_class_docs_for_groups = None, _cli_exit_on_error = None
_cli_prefix = None, _cli_flag_prefix_char = None, _cli_implicit_flags = None
_cli_ignore_unknown_args = None, _cli_kebab_case = None, _cli_shortcuts = None
_secrets_dir = None, _build_sources = None, values = {}
sources = (InitSettingsSource(init_kwargs={}), EnvSettingsSource(env_nested_delimiter=None, env_prefix_len=9), DotEnvSettingsSou...efix_len=9), SecretsSettingsSource(secrets_dir=None), DefaultSettingsSource(nested_model_default_partial_update=False))
init_kwargs = {}

    def __init__(
        __pydantic_self__,
        _case_sensitive: bool | None = None,
        _nested_model_default_partial_update: bool | None = None,
        _env_prefix: str | None = None,
        _env_prefix_target: EnvPrefixTarget | None = None,
        _env_file: DotenvType | None = ENV_FILE_SENTINEL,
        _env_file_encoding: str | None = None,
        _env_ignore_empty: bool | None = None,
        _env_nested_delimiter: str | None = None,
        _env_nested_max_split: int | None = None,
        _env_parse_none_str: str | None = None,
        _env_parse_enums: bool | None = None,
        _cli_prog_name: str | None = None,
        _cli_parse_args: bool | list[str] | tuple[str, ...] | None = None,
        _cli_settings_source: CliSettingsSource[Any] | None = None,
        _cli_parse_none_str: str | None = None,
        _cli_hide_none_type: bool | None = None,
        _cli_avoid_json: bool | None = None,
        _cli_enforce_required: bool | None = None,
        _cli_use_class_docs_for_groups: bool | None = None,
        _cli_exit_on_error: bool | None = None,
        _cli_prefix: str | None = None,
        _cli_flag_prefix_char: str | None = None,
        _cli_implicit_flags: bool | Literal['dual', 'toggle'] | None = None,
        _cli_ignore_unknown_args: bool | None = None,
        _cli_kebab_case: bool | Literal['all', 'no_enums'] | None = None,
        _cli_shortcuts: Mapping[str, str | list[str]] | None = None,
        _secrets_dir: PathType | None = None,
        _build_sources: tuple[tuple[PydanticBaseSettingsSource, ...], dict[str, Any]] | None = None,
        **values: Any,
    ) -> None:
        sources, init_kwargs = (
            _build_sources
            if _build_sources is not None
            else __pydantic_self__.__class__._settings_init_sources(
                _case_sensitive=_case_sensitive,
                _nested_model_default_partial_update=_nested_model_default_partial_update,
                _env_prefix=_env_prefix,
                _env_prefix_target=_env_prefix_target,
                _env_file=_env_file,
                _env_file_encoding=_env_file_encoding,
                _env_ignore_empty=_env_ignore_empty,
                _env_nested_delimiter=_env_nested_delimiter,
                _env_nested_max_split=_env_nested_max_split,
                _env_parse_none_str=_env_parse_none_str,
                _env_parse_enums=_env_parse_enums,
                _cli_prog_name=_cli_prog_name,
                _cli_parse_args=_cli_parse_args,
                _cli_settings_source=_cli_settings_source,
                _cli_parse_none_str=_cli_parse_none_str,
                _cli_hide_none_type=_cli_hide_none_type,
                _cli_avoid_json=_cli_avoid_json,
                _cli_enforce_required=_cli_enforce_required,
                _cli_use_class_docs_for_groups=_cli_use_class_docs_for_groups,
                _cli_exit_on_error=_cli_exit_on_error,
                _cli_prefix=_cli_prefix,
                _cli_flag_prefix_char=_cli_flag_prefix_char,
                _cli_implicit_flags=_cli_implicit_flags,
                _cli_ignore_unknown_args=_cli_ignore_unknown_args,
                _cli_kebab_case=_cli_kebab_case,
                _cli_shortcuts=_cli_shortcuts,
                _secrets_dir=_secrets_dir,
                **values,
            )
        )
    
>       super().__init__(**__pydantic_self__.__class__._settings_build_values(sources, init_kwargs))
E       pydantic_core._pydantic_core.ValidationError: 1 validation error for PostgresRAGSettings
E       rag_dsn
E         Value error, POSTGRES_RAG_DSN must be injected from Secret; placeholder/default password is not allowed. [type=value_error, input_value='postgresql://appuser:${O...pool-gateway:5432/ragdb', input_type=str]
E           For further information visit https://errors.pydantic.dev/2.12/v/value_error

.venv/lib/python3.13/site-packages/pydantic_settings/main.py:242: ValidationError
________________________ test_run_ingest_upsert_batches ________________________

    @pytest.mark.asyncio
    async def test_run_ingest_upsert_batches() -> None:
        settings = WorkerSettings(
            sop_seed_path=str(_FIXTURE),
            max_sop_contexts=500,
            sop_ingest_embed_batch=4,
            sop_ingest_upsert_batch=8,
            training_ollama_concurrency=2,
        )
        batches: list[int] = []
    
        async def upsert_side_effect(*, collection_name: str, points: list) -> None:
            batches.append(len(points))
    
        mock_pool = AsyncMock()
        mock_store = MagicMock()
        mock_store.upsert = AsyncMock(side_effect=upsert_side_effect)
        mock_store.close = AsyncMock()
    
        with patch("training.sop_ingest.init_pg_pool", new_callable=AsyncMock, return_value=mock_pool):
            with patch("training.sop_ingest.PGVectorStore", return_value=mock_store):
    
                async def embed_side_effect(*, model: str, input: list, **kw):  # noqa: A002
                    n = len(input) if isinstance(input, list) else 1
                    return {"embeddings": [[0.02 * (i % 7)] * 768 for i in range(n)]}
    
                with patch("training.sop_ingest.OllamaClient") as Oc:
                    o = MagicMock()
                    o.embed = AsyncMock(side_effect=embed_side_effect)
                    o.aclose = AsyncMock()
                    Oc.return_value = o
>                   n = await run_ingest(settings=settings, seed_path=_FIXTURE, dry_run=False)
                        ^^^^^^^^^^^^^^^^^^^^^^^^^^^^^^^^^^^^^^^^^^^^^^^^^^^^^^^^^^^^^^^^^^^^^^

tests/test_sop_ingest.py:82: 
_ _ _ _ _ _ _ _ _ _ _ _ _ _ _ _ _ _ _ _ _ _ _ _ _ _ _ _ _ _ _ _ _ _ _ _ _ _ _ _ 
src/training/sop_ingest.py:87: in run_ingest
    pg_settings = PostgresRAGSettings()
                  ^^^^^^^^^^^^^^^^^^^^^
_ _ _ _ _ _ _ _ _ _ _ _ _ _ _ _ _ _ _ _ _ _ _ _ _ _ _ _ _ _ _ _ _ _ _ _ _ _ _ _ 

__pydantic_self__ = PostgresRAGSettings(), _case_sensitive = None
_nested_model_default_partial_update = None, _env_prefix = None
_env_prefix_target = None, _env_file = PosixPath('.'), _env_file_encoding = None
_env_ignore_empty = None, _env_nested_delimiter = None
_env_nested_max_split = None, _env_parse_none_str = None
_env_parse_enums = None, _cli_prog_name = None, _cli_parse_args = None
_cli_settings_source = None, _cli_parse_none_str = None
_cli_hide_none_type = None, _cli_avoid_json = None, _cli_enforce_required = None
_cli_use_class_docs_for_groups = None, _cli_exit_on_error = None
_cli_prefix = None, _cli_flag_prefix_char = None, _cli_implicit_flags = None
_cli_ignore_unknown_args = None, _cli_kebab_case = None, _cli_shortcuts = None
_secrets_dir = None, _build_sources = None, values = {}
sources = (InitSettingsSource(init_kwargs={}), EnvSettingsSource(env_nested_delimiter=None, env_prefix_len=9), DotEnvSettingsSou...efix_len=9), SecretsSettingsSource(secrets_dir=None), DefaultSettingsSource(nested_model_default_partial_update=False))
init_kwargs = {}

    def __init__(
        __pydantic_self__,
        _case_sensitive: bool | None = None,
        _nested_model_default_partial_update: bool | None = None,
        _env_prefix: str | None = None,
        _env_prefix_target: EnvPrefixTarget | None = None,
        _env_file: DotenvType | None = ENV_FILE_SENTINEL,
        _env_file_encoding: str | None = None,
        _env_ignore_empty: bool | None = None,
        _env_nested_delimiter: str | None = None,
        _env_nested_max_split: int | None = None,
        _env_parse_none_str: str | None = None,
        _env_parse_enums: bool | None = None,
        _cli_prog_name: str | None = None,
        _cli_parse_args: bool | list[str] | tuple[str, ...] | None = None,
        _cli_settings_source: CliSettingsSource[Any] | None = None,
        _cli_parse_none_str: str | None = None,
        _cli_hide_none_type: bool | None = None,
        _cli_avoid_json: bool | None = None,
        _cli_enforce_required: bool | None = None,
        _cli_use_class_docs_for_groups: bool | None = None,
        _cli_exit_on_error: bool | None = None,
        _cli_prefix: str | None = None,
        _cli_flag_prefix_char: str | None = None,
        _cli_implicit_flags: bool | Literal['dual', 'toggle'] | None = None,
        _cli_ignore_unknown_args: bool | None = None,
        _cli_kebab_case: bool | Literal['all', 'no_enums'] | None = None,
        _cli_shortcuts: Mapping[str, str | list[str]] | None = None,
        _secrets_dir: PathType | None = None,
        _build_sources: tuple[tuple[PydanticBaseSettingsSource, ...], dict[str, Any]] | None = None,
        **values: Any,
    ) -> None:
        sources, init_kwargs = (
            _build_sources
            if _build_sources is not None
            else __pydantic_self__.__class__._settings_init_sources(
                _case_sensitive=_case_sensitive,
                _nested_model_default_partial_update=_nested_model_default_partial_update,
                _env_prefix=_env_prefix,
                _env_prefix_target=_env_prefix_target,
                _env_file=_env_file,
                _env_file_encoding=_env_file_encoding,
                _env_ignore_empty=_env_ignore_empty,
                _env_nested_delimiter=_env_nested_delimiter,
                _env_nested_max_split=_env_nested_max_split,
                _env_parse_none_str=_env_parse_none_str,
                _env_parse_enums=_env_parse_enums,
                _cli_prog_name=_cli_prog_name,
                _cli_parse_args=_cli_parse_args,
                _cli_settings_source=_cli_settings_source,
                _cli_parse_none_str=_cli_parse_none_str,
                _cli_hide_none_type=_cli_hide_none_type,
                _cli_avoid_json=_cli_avoid_json,
                _cli_enforce_required=_cli_enforce_required,
                _cli_use_class_docs_for_groups=_cli_use_class_docs_for_groups,
                _cli_exit_on_error=_cli_exit_on_error,
                _cli_prefix=_cli_prefix,
                _cli_flag_prefix_char=_cli_flag_prefix_char,
                _cli_implicit_flags=_cli_implicit_flags,
                _cli_ignore_unknown_args=_cli_ignore_unknown_args,
                _cli_kebab_case=_cli_kebab_case,
                _cli_shortcuts=_cli_shortcuts,
                _secrets_dir=_secrets_dir,
                **values,
            )
        )
    
>       super().__init__(**__pydantic_self__.__class__._settings_build_values(sources, init_kwargs))
E       pydantic_core._pydantic_core.ValidationError: 1 validation error for PostgresRAGSettings
E       rag_dsn
E         Value error, POSTGRES_RAG_DSN must be injected from Secret; placeholder/default password is not allowed. [type=value_error, input_value='postgresql://appuser:${O...pool-gateway:5432/ragdb', input_type=str]
E           For further information visit https://errors.pydantic.dev/2.12/v/value_error

.venv/lib/python3.13/site-packages/pydantic_settings/main.py:242: ValidationError
=========================== short test summary info ============================
FAILED tests/test_diagnostic_dictionary.py::test_classify_crash_hint - Assert...
FAILED tests/test_handlers.py::test_slow_path_system_messages_god_vs_sdk - as...
FAILED tests/test_handlers_inbound_preview.py::test_build_agentic_unattended_god_sdk_first_no_god_fewshot
FAILED tests/test_routing_experience.py::test_record_routing_god_auto_execute_shell
FAILED tests/test_routing_policy_god.py::test_shell_fast_path_enabled - Asser...
FAILED tests/test_routing_policy_god.py::test_is_fast_path_auto_allowed_execute_shell_god_only
FAILED tests/test_routing_policy_god.py::test_fast_path_allowlist_union - Ass...
FAILED tests/test_sop_expand_god.py::test_expand_god_mode_sets_auto_execute_for_shell_template
FAILED tests/test_sop_ingest.py::test_run_ingest_dry_run_calls_no_upsert - py...
FAILED tests/test_sop_ingest.py::test_run_ingest_upsert_batches - pydantic_co...
10 failed, 435 passed in 3.51s
[rag-train-loop] FAIL: pytest iteration 2
[rag-train-loop] iteration 2 FAILED (4s)
[rag-train-loop] ========== iteration 3/5 ==========
[rag-train-loop] pytest (exclude integration)...
........................................................................ [ 16%]
...................................................F.................... [ 32%]
...............................................F.......F................ [ 48%]
........................................................................ [ 64%]
........................................................................ [ 80%]
..F.FFF....................................FFF.......................... [ 97%]
.............                                                            [100%]
=================================== FAILURES ===================================
___________________________ test_classify_crash_hint ___________________________

    def test_classify_crash_hint() -> None:
        root = Path(__file__).resolve().parents[1]
        m = load_diagnostic_matrix(root / "config" / "diagnostic_matrix.yaml")
        ev = AnomalyEvent(
            trace_id="trace-1",
            canonical_query="sum(kube_pod_container_status_waiting_reason)",
            error_hint="crash_loop_backoff",
        )
        row = classify_event(ev, m)
        assert row is not None
>       assert row.symptom_group == "crash_loop_backoff"
E       AssertionError: assert 'generic_unclassified' == 'crash_loop_backoff'
E         
E         - crash_loop_backoff
E         + generic_unclassified

tests/test_diagnostic_dictionary.py:28: AssertionError
__________________ test_slow_path_system_messages_god_vs_sdk ___________________

    def test_slow_path_system_messages_god_vs_sdk() -> None:
        ctx = MagicMock(spec=WorkerHandlerContext)
        ctx.settings = WorkerSettings()
        msgs = _slow_path_system_messages_for_ctx(ctx)
        assert len(msgs) == 2
        assert "SRE Command Generator" in msgs[0]["content"]
        assert "SDK-only" in msgs[1]["content"] or "Cấm** subprocess" in msgs[1]["content"]
    
        ctx.settings = WorkerSettings(god_mode=True)
        msgs_g = _slow_path_system_messages_for_ctx(ctx)
        assert "SRE Command Generator" in msgs_g[0]["content"]
>       assert "God mode" in msgs_g[1]["content"] or "god" in msgs_g[1]["content"].lower()
E       assert ('God mode' in '**Required output:** exactly **one** JSON `{"tool":"...","args":{...}}` — no markdown, no ```, no prose. If only mess...uage summary must be at most 25 words (English; whitespace-separated). JSON: single object. No Vietnamese tool names. ' or 'god' in '**required output:** exactly **one** json `{"tool":"...","args":{...}}` — no markdown, no ```, no prose. if only mess...uage summary must be at most 25 words (english; whitespace-separated). json: single object. no vietnamese tool names. ')
E        +  where '**required output:** exactly **one** json `{"tool":"...","args":{...}}` — no markdown, no ```, no prose. if only mess...uage summary must be at most 25 words (english; whitespace-separated). json: single object. no vietnamese tool names. ' = <built-in method lower of str object at 0x10a59ba00>()
E        +    where <built-in method lower of str object at 0x10a59ba00> = '**Required output:** exactly **one** JSON `{"tool":"...","args":{...}}` — no markdown, no ```, no prose. If only mess...uage summary must be at most 25 words (English; whitespace-separated). JSON: single object. No Vietnamese tool names. '.lower

tests/test_handlers.py:298: AssertionError
__________ test_build_agentic_unattended_god_sdk_first_no_god_fewshot __________

    def test_build_agentic_unattended_god_sdk_first_no_god_fewshot() -> None:
        """God/lab unattended must not inject SLOW_SYSTEM_GOD few-shot (shell-first for kubectl top)."""
        ctx = MagicMock()
        ctx.settings = WorkerSettings(god_mode=True)
        msgs = build_agentic_system_messages(ctx, unattended_alert=True)
        blob = "\n".join(str(m.get("content", "")) for m in msgs)
>       assert "LAB_SHELL" in blob or "last resort" in blob.lower()
E       assert ('LAB_SHELL' in "You are an **SRE Command Generator** (unattended alert — no chat user). FORBIDDEN: prose outside JSON. Every turn MUS...ssing identifiers' before discovery.\n- Escalate only after tools fail or for genuine safety/policy (`args.reason`).\n" or 'last resort' in "you are an **sre command generator** (unattended alert — no chat user). forbidden: prose outside json. every turn mus...ssing identifiers' before discovery.\n- escalate only after tools fail or for genuine safety/policy (`args.reason`).\n")
E        +  where "you are an **sre command generator** (unattended alert — no chat user). forbidden: prose outside json. every turn mus...ssing identifiers' before discovery.\n- escalate only after tools fail or for genuine safety/policy (`args.reason`).\n" = <built-in method lower of str object at 0x10a5a8600>()
E        +    where <built-in method lower of str object at 0x10a5a8600> = "You are an **SRE Command Generator** (unattended alert — no chat user). FORBIDDEN: prose outside JSON. Every turn MUS...ssing identifiers' before discovery.\n- Escalate only after tools fail or for genuine safety/policy (`args.reason`).\n".lower

tests/test_handlers_inbound_preview.py:151: AssertionError
__________________ test_record_routing_god_auto_execute_shell __________________

    @pytest.mark.asyncio
    async def test_record_routing_god_auto_execute_shell() -> None:
        ws = WorkerSettings(god_mode=True)
        ctx = MagicMock()
        ctx.settings = ws
        ctx.inbound_user_text = "chạy kubectl get pods cho anh"
        ctx.ollama = MagicMock()
        ctx.ollama.embed = AsyncMock(return_value={"embedding": [0.05] * 768})
        ctx.vector_store = MagicMock()
        ctx.vector_store.upsert = AsyncMock()
        ctx.semaphore = MagicMock()
        ctx.semaphore.acquire = AsyncMock(return_value="tok")
        ctx.semaphore.release = AsyncMock()
        ctx.ollama_slot_held = False
    
        await record_routing_from_success(
            ctx,
            tool="execute_shell_command",
            args={"command": "kubectl get pods -A"},
            trace_id="tg",
        )
        pt = ctx.vector_store.upsert.call_args.kwargs["points"][0]
>       assert pt.payload["auto_execute"] is True
E       assert False is True

tests/test_routing_experience.py:176: AssertionError
_________________________ test_shell_fast_path_enabled _________________________

    def test_shell_fast_path_enabled() -> None:
        assert shell_fast_path_enabled(None) is False
        assert shell_fast_path_enabled(WorkerSettings()) is False
>       assert shell_fast_path_enabled(WorkerSettings(god_mode=True)) is True
E       AssertionError: assert False is True
E        +  where False = shell_fast_path_enabled(WorkerSettings(redis_url='redis://redis:6379/0', redis_sentinel_hosts='', redis_sentinel_master_name='mymaster', kafka...owledge_sources.yaml', knowledge_enrich_enabled=False, knowledge_ingest_embed_batch=16, knowledge_ingest_concurrency=2))
E        +    where WorkerSettings(redis_url='redis://redis:6379/0', redis_sentinel_hosts='', redis_sentinel_master_name='mymaster', kafka...owledge_sources.yaml', knowledge_enrich_enabled=False, knowledge_ingest_embed_batch=16, knowledge_ingest_concurrency=2) = WorkerSettings(god_mode=True)

tests/test_routing_policy_god.py:17: AssertionError
____________ test_is_fast_path_auto_allowed_execute_shell_god_only _____________

    def test_is_fast_path_auto_allowed_execute_shell_god_only() -> None:
        assert is_fast_path_auto_allowed("execute_shell_command", None) is False
        assert is_fast_path_auto_allowed("execute_shell_command", WorkerSettings()) is False
>       assert is_fast_path_auto_allowed("execute_shell_command", WorkerSettings(god_mode=True)) is True
E       AssertionError: assert False is True
E        +  where False = is_fast_path_auto_allowed('execute_shell_command', WorkerSettings(redis_url='redis://redis:6379/0', redis_sentinel_hosts='', redis_sentinel_master_name='mymaster', kafka...owledge_sources.yaml', knowledge_enrich_enabled=False, knowledge_ingest_embed_batch=16, knowledge_ingest_concurrency=2))
E        +    where WorkerSettings(redis_url='redis://redis:6379/0', redis_sentinel_hosts='', redis_sentinel_master_name='mymaster', kafka...owledge_sources.yaml', knowledge_enrich_enabled=False, knowledge_ingest_embed_batch=16, knowledge_ingest_concurrency=2) = WorkerSettings(god_mode=True)

tests/test_routing_policy_god.py:24: AssertionError
________________________ test_fast_path_allowlist_union ________________________

    def test_fast_path_allowlist_union() -> None:
        base = fast_path_auto_execute_allowlist(WorkerSettings())
        god = fast_path_auto_execute_allowlist(WorkerSettings(god_mode=True))
        assert "echo" in base and "echo" in god
        assert "execute_shell_command" not in base
>       assert "execute_shell_command" in god
E       AssertionError: assert 'execute_shell_command' in frozenset({'audit_observability_stack', 'echo', 'forecast_memory_risk_vm', 'forecast_metric_prophet', 'get_historical_series_dataframe', 'k8s_list_pods', ...})

tests/test_routing_policy_god.py:34: AssertionError
__________ test_expand_god_mode_sets_auto_execute_for_shell_template ___________

    def test_expand_god_mode_sets_auto_execute_for_shell_template() -> None:
        seed = SopSeedFile(
            version=1,
            templates=[
                SopTemplateModel(
                    template_id="shell_one",
                    allow_auto_execute=True,
                    tool="execute_shell_command",
                    args={"command": "kubectl version --client"},
                    match_text_template="cli check {x}",
                    slots={"x": ["a"]},
                ),
            ],
        )
        default_entries = expand_entries(seed, max_total=10, god_mode=False)
        god_entries = expand_entries(seed, max_total=10, god_mode=True)
        assert default_entries[0].auto_execute is False
>       assert god_entries[0].auto_execute is True
E       assert False is True
E        +  where False = ExpandedSopEntry(template_id='shell_one', variant_key='{"x": "a"}', point_id='6a5829c8-8969-512f-858b-f78db9b85a70', match_text='cli check a', tool='execute_shell_command', args={'command': 'kubectl version --client'}, auto_execute=False).auto_execute

tests/test_sop_expand_god.py:25: AssertionError
___________________ test_run_ingest_dry_run_calls_no_upsert ____________________

    @pytest.mark.asyncio
    async def test_run_ingest_dry_run_calls_no_upsert() -> None:
        settings = WorkerSettings(
            sop_seed_path=str(_FIXTURE),
            max_sop_contexts=500,
            sop_ingest_embed_batch=8,
            sop_ingest_upsert_batch=16,
        )
        mock_pool = AsyncMock()
        mock_store = MagicMock()
        mock_store.upsert = AsyncMock()
        mock_store.close = AsyncMock()
    
        with patch("training.sop_ingest.init_pg_pool", new_callable=AsyncMock, return_value=mock_pool):
            with patch("training.sop_ingest.PGVectorStore", return_value=mock_store):
    
                async def ollama_embed(*, model: str, input: list | str, **kw):  # noqa: A002
                    n = len(input) if isinstance(input, list) else 1
                    return {"embeddings": [[0.1] * 768 for _ in range(n)]}
    
                ollama_close = AsyncMock()
                with patch("training.sop_ingest.OllamaClient") as Oc:
                    o = MagicMock()
                    o.embed = AsyncMock(side_effect=ollama_embed)
                    o.aclose = ollama_close
                    Oc.return_value = o
>                   n = await run_ingest(
                        settings=settings,
                        seed_path=_FIXTURE,
                        dry_run=True,
                    )

tests/test_sop_ingest.py:42: 
_ _ _ _ _ _ _ _ _ _ _ _ _ _ _ _ _ _ _ _ _ _ _ _ _ _ _ _ _ _ _ _ _ _ _ _ _ _ _ _ 
src/training/sop_ingest.py:87: in run_ingest
    pg_settings = PostgresRAGSettings()
                  ^^^^^^^^^^^^^^^^^^^^^
_ _ _ _ _ _ _ _ _ _ _ _ _ _ _ _ _ _ _ _ _ _ _ _ _ _ _ _ _ _ _ _ _ _ _ _ _ _ _ _ 

__pydantic_self__ = PostgresRAGSettings(), _case_sensitive = None
_nested_model_default_partial_update = None, _env_prefix = None
_env_prefix_target = None, _env_file = PosixPath('.'), _env_file_encoding = None
_env_ignore_empty = None, _env_nested_delimiter = None
_env_nested_max_split = None, _env_parse_none_str = None
_env_parse_enums = None, _cli_prog_name = None, _cli_parse_args = None
_cli_settings_source = None, _cli_parse_none_str = None
_cli_hide_none_type = None, _cli_avoid_json = None, _cli_enforce_required = None
_cli_use_class_docs_for_groups = None, _cli_exit_on_error = None
_cli_prefix = None, _cli_flag_prefix_char = None, _cli_implicit_flags = None
_cli_ignore_unknown_args = None, _cli_kebab_case = None, _cli_shortcuts = None
_secrets_dir = None, _build_sources = None, values = {}
sources = (InitSettingsSource(init_kwargs={}), EnvSettingsSource(env_nested_delimiter=None, env_prefix_len=9), DotEnvSettingsSou...efix_len=9), SecretsSettingsSource(secrets_dir=None), DefaultSettingsSource(nested_model_default_partial_update=False))
init_kwargs = {}

    def __init__(
        __pydantic_self__,
        _case_sensitive: bool | None = None,
        _nested_model_default_partial_update: bool | None = None,
        _env_prefix: str | None = None,
        _env_prefix_target: EnvPrefixTarget | None = None,
        _env_file: DotenvType | None = ENV_FILE_SENTINEL,
        _env_file_encoding: str | None = None,
        _env_ignore_empty: bool | None = None,
        _env_nested_delimiter: str | None = None,
        _env_nested_max_split: int | None = None,
        _env_parse_none_str: str | None = None,
        _env_parse_enums: bool | None = None,
        _cli_prog_name: str | None = None,
        _cli_parse_args: bool | list[str] | tuple[str, ...] | None = None,
        _cli_settings_source: CliSettingsSource[Any] | None = None,
        _cli_parse_none_str: str | None = None,
        _cli_hide_none_type: bool | None = None,
        _cli_avoid_json: bool | None = None,
        _cli_enforce_required: bool | None = None,
        _cli_use_class_docs_for_groups: bool | None = None,
        _cli_exit_on_error: bool | None = None,
        _cli_prefix: str | None = None,
        _cli_flag_prefix_char: str | None = None,
        _cli_implicit_flags: bool | Literal['dual', 'toggle'] | None = None,
        _cli_ignore_unknown_args: bool | None = None,
        _cli_kebab_case: bool | Literal['all', 'no_enums'] | None = None,
        _cli_shortcuts: Mapping[str, str | list[str]] | None = None,
        _secrets_dir: PathType | None = None,
        _build_sources: tuple[tuple[PydanticBaseSettingsSource, ...], dict[str, Any]] | None = None,
        **values: Any,
    ) -> None:
        sources, init_kwargs = (
            _build_sources
            if _build_sources is not None
            else __pydantic_self__.__class__._settings_init_sources(
                _case_sensitive=_case_sensitive,
                _nested_model_default_partial_update=_nested_model_default_partial_update,
                _env_prefix=_env_prefix,
                _env_prefix_target=_env_prefix_target,
                _env_file=_env_file,
                _env_file_encoding=_env_file_encoding,
                _env_ignore_empty=_env_ignore_empty,
                _env_nested_delimiter=_env_nested_delimiter,
                _env_nested_max_split=_env_nested_max_split,
                _env_parse_none_str=_env_parse_none_str,
                _env_parse_enums=_env_parse_enums,
                _cli_prog_name=_cli_prog_name,
                _cli_parse_args=_cli_parse_args,
                _cli_settings_source=_cli_settings_source,
                _cli_parse_none_str=_cli_parse_none_str,
                _cli_hide_none_type=_cli_hide_none_type,
                _cli_avoid_json=_cli_avoid_json,
                _cli_enforce_required=_cli_enforce_required,
                _cli_use_class_docs_for_groups=_cli_use_class_docs_for_groups,
                _cli_exit_on_error=_cli_exit_on_error,
                _cli_prefix=_cli_prefix,
                _cli_flag_prefix_char=_cli_flag_prefix_char,
                _cli_implicit_flags=_cli_implicit_flags,
                _cli_ignore_unknown_args=_cli_ignore_unknown_args,
                _cli_kebab_case=_cli_kebab_case,
                _cli_shortcuts=_cli_shortcuts,
                _secrets_dir=_secrets_dir,
                **values,
            )
        )
    
>       super().__init__(**__pydantic_self__.__class__._settings_build_values(sources, init_kwargs))
E       pydantic_core._pydantic_core.ValidationError: 1 validation error for PostgresRAGSettings
E       rag_dsn
E         Value error, POSTGRES_RAG_DSN must be injected from Secret; placeholder/default password is not allowed. [type=value_error, input_value='postgresql://appuser:${O...pool-gateway:5432/ragdb', input_type=str]
E           For further information visit https://errors.pydantic.dev/2.12/v/value_error

.venv/lib/python3.13/site-packages/pydantic_settings/main.py:242: ValidationError
________________________ test_run_ingest_upsert_batches ________________________

    @pytest.mark.asyncio
    async def test_run_ingest_upsert_batches() -> None:
        settings = WorkerSettings(
            sop_seed_path=str(_FIXTURE),
            max_sop_contexts=500,
            sop_ingest_embed_batch=4,
            sop_ingest_upsert_batch=8,
            training_ollama_concurrency=2,
        )
        batches: list[int] = []
    
        async def upsert_side_effect(*, collection_name: str, points: list) -> None:
            batches.append(len(points))
    
        mock_pool = AsyncMock()
        mock_store = MagicMock()
        mock_store.upsert = AsyncMock(side_effect=upsert_side_effect)
        mock_store.close = AsyncMock()
    
        with patch("training.sop_ingest.init_pg_pool", new_callable=AsyncMock, return_value=mock_pool):
            with patch("training.sop_ingest.PGVectorStore", return_value=mock_store):
    
                async def embed_side_effect(*, model: str, input: list, **kw):  # noqa: A002
                    n = len(input) if isinstance(input, list) else 1
                    return {"embeddings": [[0.02 * (i % 7)] * 768 for i in range(n)]}
    
                with patch("training.sop_ingest.OllamaClient") as Oc:
                    o = MagicMock()
                    o.embed = AsyncMock(side_effect=embed_side_effect)
                    o.aclose = AsyncMock()
                    Oc.return_value = o
>                   n = await run_ingest(settings=settings, seed_path=_FIXTURE, dry_run=False)
                        ^^^^^^^^^^^^^^^^^^^^^^^^^^^^^^^^^^^^^^^^^^^^^^^^^^^^^^^^^^^^^^^^^^^^^^

tests/test_sop_ingest.py:82: 
_ _ _ _ _ _ _ _ _ _ _ _ _ _ _ _ _ _ _ _ _ _ _ _ _ _ _ _ _ _ _ _ _ _ _ _ _ _ _ _ 
src/training/sop_ingest.py:87: in run_ingest
    pg_settings = PostgresRAGSettings()
                  ^^^^^^^^^^^^^^^^^^^^^
_ _ _ _ _ _ _ _ _ _ _ _ _ _ _ _ _ _ _ _ _ _ _ _ _ _ _ _ _ _ _ _ _ _ _ _ _ _ _ _ 

__pydantic_self__ = PostgresRAGSettings(), _case_sensitive = None
_nested_model_default_partial_update = None, _env_prefix = None
_env_prefix_target = None, _env_file = PosixPath('.'), _env_file_encoding = None
_env_ignore_empty = None, _env_nested_delimiter = None
_env_nested_max_split = None, _env_parse_none_str = None
_env_parse_enums = None, _cli_prog_name = None, _cli_parse_args = None
_cli_settings_source = None, _cli_parse_none_str = None
_cli_hide_none_type = None, _cli_avoid_json = None, _cli_enforce_required = None
_cli_use_class_docs_for_groups = None, _cli_exit_on_error = None
_cli_prefix = None, _cli_flag_prefix_char = None, _cli_implicit_flags = None
_cli_ignore_unknown_args = None, _cli_kebab_case = None, _cli_shortcuts = None
_secrets_dir = None, _build_sources = None, values = {}
sources = (InitSettingsSource(init_kwargs={}), EnvSettingsSource(env_nested_delimiter=None, env_prefix_len=9), DotEnvSettingsSou...efix_len=9), SecretsSettingsSource(secrets_dir=None), DefaultSettingsSource(nested_model_default_partial_update=False))
init_kwargs = {}

    def __init__(
        __pydantic_self__,
        _case_sensitive: bool | None = None,
        _nested_model_default_partial_update: bool | None = None,
        _env_prefix: str | None = None,
        _env_prefix_target: EnvPrefixTarget | None = None,
        _env_file: DotenvType | None = ENV_FILE_SENTINEL,
        _env_file_encoding: str | None = None,
        _env_ignore_empty: bool | None = None,
        _env_nested_delimiter: str | None = None,
        _env_nested_max_split: int | None = None,
        _env_parse_none_str: str | None = None,
        _env_parse_enums: bool | None = None,
        _cli_prog_name: str | None = None,
        _cli_parse_args: bool | list[str] | tuple[str, ...] | None = None,
        _cli_settings_source: CliSettingsSource[Any] | None = None,
        _cli_parse_none_str: str | None = None,
        _cli_hide_none_type: bool | None = None,
        _cli_avoid_json: bool | None = None,
        _cli_enforce_required: bool | None = None,
        _cli_use_class_docs_for_groups: bool | None = None,
        _cli_exit_on_error: bool | None = None,
        _cli_prefix: str | None = None,
        _cli_flag_prefix_char: str | None = None,
        _cli_implicit_flags: bool | Literal['dual', 'toggle'] | None = None,
        _cli_ignore_unknown_args: bool | None = None,
        _cli_kebab_case: bool | Literal['all', 'no_enums'] | None = None,
        _cli_shortcuts: Mapping[str, str | list[str]] | None = None,
        _secrets_dir: PathType | None = None,
        _build_sources: tuple[tuple[PydanticBaseSettingsSource, ...], dict[str, Any]] | None = None,
        **values: Any,
    ) -> None:
        sources, init_kwargs = (
            _build_sources
            if _build_sources is not None
            else __pydantic_self__.__class__._settings_init_sources(
                _case_sensitive=_case_sensitive,
                _nested_model_default_partial_update=_nested_model_default_partial_update,
                _env_prefix=_env_prefix,
                _env_prefix_target=_env_prefix_target,
                _env_file=_env_file,
                _env_file_encoding=_env_file_encoding,
                _env_ignore_empty=_env_ignore_empty,
                _env_nested_delimiter=_env_nested_delimiter,
                _env_nested_max_split=_env_nested_max_split,
                _env_parse_none_str=_env_parse_none_str,
                _env_parse_enums=_env_parse_enums,
                _cli_prog_name=_cli_prog_name,
                _cli_parse_args=_cli_parse_args,
                _cli_settings_source=_cli_settings_source,
                _cli_parse_none_str=_cli_parse_none_str,
                _cli_hide_none_type=_cli_hide_none_type,
                _cli_avoid_json=_cli_avoid_json,
                _cli_enforce_required=_cli_enforce_required,
                _cli_use_class_docs_for_groups=_cli_use_class_docs_for_groups,
                _cli_exit_on_error=_cli_exit_on_error,
                _cli_prefix=_cli_prefix,
                _cli_flag_prefix_char=_cli_flag_prefix_char,
                _cli_implicit_flags=_cli_implicit_flags,
                _cli_ignore_unknown_args=_cli_ignore_unknown_args,
                _cli_kebab_case=_cli_kebab_case,
                _cli_shortcuts=_cli_shortcuts,
                _secrets_dir=_secrets_dir,
                **values,
            )
        )
    
>       super().__init__(**__pydantic_self__.__class__._settings_build_values(sources, init_kwargs))
E       pydantic_core._pydantic_core.ValidationError: 1 validation error for PostgresRAGSettings
E       rag_dsn
E         Value error, POSTGRES_RAG_DSN must be injected from Secret; placeholder/default password is not allowed. [type=value_error, input_value='postgresql://appuser:${O...pool-gateway:5432/ragdb', input_type=str]
E           For further information visit https://errors.pydantic.dev/2.12/v/value_error

.venv/lib/python3.13/site-packages/pydantic_settings/main.py:242: ValidationError
=========================== short test summary info ============================
FAILED tests/test_diagnostic_dictionary.py::test_classify_crash_hint - Assert...
FAILED tests/test_handlers.py::test_slow_path_system_messages_god_vs_sdk - as...
FAILED tests/test_handlers_inbound_preview.py::test_build_agentic_unattended_god_sdk_first_no_god_fewshot
FAILED tests/test_routing_experience.py::test_record_routing_god_auto_execute_shell
FAILED tests/test_routing_policy_god.py::test_shell_fast_path_enabled - Asser...
FAILED tests/test_routing_policy_god.py::test_is_fast_path_auto_allowed_execute_shell_god_only
FAILED tests/test_routing_policy_god.py::test_fast_path_allowlist_union - Ass...
FAILED tests/test_sop_expand_god.py::test_expand_god_mode_sets_auto_execute_for_shell_template
FAILED tests/test_sop_ingest.py::test_run_ingest_dry_run_calls_no_upsert - py...
FAILED tests/test_sop_ingest.py::test_run_ingest_upsert_batches - pydantic_co...
10 failed, 435 passed in 3.49s
[rag-train-loop] FAIL: pytest iteration 3
[rag-train-loop] iteration 3 FAILED (4s)
[rag-train-loop] ========== iteration 4/5 ==========
[rag-train-loop] pytest (exclude integration)...
........................................................................ [ 16%]
...................................................F.................... [ 32%]
...............................................F.......F................ [ 48%]
........................................................................ [ 64%]
........................................................................ [ 80%]
..F.FFF....................................FFF.......................... [ 97%]
.............                                                            [100%]
=================================== FAILURES ===================================
___________________________ test_classify_crash_hint ___________________________

    def test_classify_crash_hint() -> None:
        root = Path(__file__).resolve().parents[1]
        m = load_diagnostic_matrix(root / "config" / "diagnostic_matrix.yaml")
        ev = AnomalyEvent(
            trace_id="trace-1",
            canonical_query="sum(kube_pod_container_status_waiting_reason)",
            error_hint="crash_loop_backoff",
        )
        row = classify_event(ev, m)
        assert row is not None
>       assert row.symptom_group == "crash_loop_backoff"
E       AssertionError: assert 'generic_unclassified' == 'crash_loop_backoff'
E         
E         - crash_loop_backoff
E         + generic_unclassified

tests/test_diagnostic_dictionary.py:28: AssertionError
__________________ test_slow_path_system_messages_god_vs_sdk ___________________

    def test_slow_path_system_messages_god_vs_sdk() -> None:
        ctx = MagicMock(spec=WorkerHandlerContext)
        ctx.settings = WorkerSettings()
        msgs = _slow_path_system_messages_for_ctx(ctx)
        assert len(msgs) == 2
        assert "SRE Command Generator" in msgs[0]["content"]
        assert "SDK-only" in msgs[1]["content"] or "Cấm** subprocess" in msgs[1]["content"]
    
        ctx.settings = WorkerSettings(god_mode=True)
        msgs_g = _slow_path_system_messages_for_ctx(ctx)
        assert "SRE Command Generator" in msgs_g[0]["content"]
>       assert "God mode" in msgs_g[1]["content"] or "god" in msgs_g[1]["content"].lower()
E       assert ('God mode' in '**Required output:** exactly **one** JSON `{"tool":"...","args":{...}}` — no markdown, no ```, no prose. If only mess...uage summary must be at most 25 words (English; whitespace-separated). JSON: single object. No Vietnamese tool names. ' or 'god' in '**required output:** exactly **one** json `{"tool":"...","args":{...}}` — no markdown, no ```, no prose. if only mess...uage summary must be at most 25 words (english; whitespace-separated). json: single object. no vietnamese tool names. ')
E        +  where '**required output:** exactly **one** json `{"tool":"...","args":{...}}` — no markdown, no ```, no prose. if only mess...uage summary must be at most 25 words (english; whitespace-separated). json: single object. no vietnamese tool names. ' = <built-in method lower of str object at 0x127683e00>()
E        +    where <built-in method lower of str object at 0x127683e00> = '**Required output:** exactly **one** JSON `{"tool":"...","args":{...}}` — no markdown, no ```, no prose. If only mess...uage summary must be at most 25 words (English; whitespace-separated). JSON: single object. No Vietnamese tool names. '.lower

tests/test_handlers.py:298: AssertionError
__________ test_build_agentic_unattended_god_sdk_first_no_god_fewshot __________

    def test_build_agentic_unattended_god_sdk_first_no_god_fewshot() -> None:
        """God/lab unattended must not inject SLOW_SYSTEM_GOD few-shot (shell-first for kubectl top)."""
        ctx = MagicMock()
        ctx.settings = WorkerSettings(god_mode=True)
        msgs = build_agentic_system_messages(ctx, unattended_alert=True)
        blob = "\n".join(str(m.get("content", "")) for m in msgs)
>       assert "LAB_SHELL" in blob or "last resort" in blob.lower()
E       assert ('LAB_SHELL' in "You are an **SRE Command Generator** (unattended alert — no chat user). FORBIDDEN: prose outside JSON. Every turn MUS...ssing identifiers' before discovery.\n- Escalate only after tools fail or for genuine safety/policy (`args.reason`).\n" or 'last resort' in "you are an **sre command generator** (unattended alert — no chat user). forbidden: prose outside json. every turn mus...ssing identifiers' before discovery.\n- escalate only after tools fail or for genuine safety/policy (`args.reason`).\n")
E        +  where "you are an **sre command generator** (unattended alert — no chat user). forbidden: prose outside json. every turn mus...ssing identifiers' before discovery.\n- escalate only after tools fail or for genuine safety/policy (`args.reason`).\n" = <built-in method lower of str object at 0x147671c00>()
E        +    where <built-in method lower of str object at 0x147671c00> = "You are an **SRE Command Generator** (unattended alert — no chat user). FORBIDDEN: prose outside JSON. Every turn MUS...ssing identifiers' before discovery.\n- Escalate only after tools fail or for genuine safety/policy (`args.reason`).\n".lower

tests/test_handlers_inbound_preview.py:151: AssertionError
__________________ test_record_routing_god_auto_execute_shell __________________

    @pytest.mark.asyncio
    async def test_record_routing_god_auto_execute_shell() -> None:
        ws = WorkerSettings(god_mode=True)
        ctx = MagicMock()
        ctx.settings = ws
        ctx.inbound_user_text = "chạy kubectl get pods cho anh"
        ctx.ollama = MagicMock()
        ctx.ollama.embed = AsyncMock(return_value={"embedding": [0.05] * 768})
        ctx.vector_store = MagicMock()
        ctx.vector_store.upsert = AsyncMock()
        ctx.semaphore = MagicMock()
        ctx.semaphore.acquire = AsyncMock(return_value="tok")
        ctx.semaphore.release = AsyncMock()
        ctx.ollama_slot_held = False
    
        await record_routing_from_success(
            ctx,
            tool="execute_shell_command",
            args={"command": "kubectl get pods -A"},
            trace_id="tg",
        )
        pt = ctx.vector_store.upsert.call_args.kwargs["points"][0]
>       assert pt.payload["auto_execute"] is True
E       assert False is True

tests/test_routing_experience.py:176: AssertionError
_________________________ test_shell_fast_path_enabled _________________________

    def test_shell_fast_path_enabled() -> None:
        assert shell_fast_path_enabled(None) is False
        assert shell_fast_path_enabled(WorkerSettings()) is False
>       assert shell_fast_path_enabled(WorkerSettings(god_mode=True)) is True
E       AssertionError: assert False is True
E        +  where False = shell_fast_path_enabled(WorkerSettings(redis_url='redis://redis:6379/0', redis_sentinel_hosts='', redis_sentinel_master_name='mymaster', kafka...owledge_sources.yaml', knowledge_enrich_enabled=False, knowledge_ingest_embed_batch=16, knowledge_ingest_concurrency=2))
E        +    where WorkerSettings(redis_url='redis://redis:6379/0', redis_sentinel_hosts='', redis_sentinel_master_name='mymaster', kafka...owledge_sources.yaml', knowledge_enrich_enabled=False, knowledge_ingest_embed_batch=16, knowledge_ingest_concurrency=2) = WorkerSettings(god_mode=True)

tests/test_routing_policy_god.py:17: AssertionError
____________ test_is_fast_path_auto_allowed_execute_shell_god_only _____________

    def test_is_fast_path_auto_allowed_execute_shell_god_only() -> None:
        assert is_fast_path_auto_allowed("execute_shell_command", None) is False
        assert is_fast_path_auto_allowed("execute_shell_command", WorkerSettings()) is False
>       assert is_fast_path_auto_allowed("execute_shell_command", WorkerSettings(god_mode=True)) is True
E       AssertionError: assert False is True
E        +  where False = is_fast_path_auto_allowed('execute_shell_command', WorkerSettings(redis_url='redis://redis:6379/0', redis_sentinel_hosts='', redis_sentinel_master_name='mymaster', kafka...owledge_sources.yaml', knowledge_enrich_enabled=False, knowledge_ingest_embed_batch=16, knowledge_ingest_concurrency=2))
E        +    where WorkerSettings(redis_url='redis://redis:6379/0', redis_sentinel_hosts='', redis_sentinel_master_name='mymaster', kafka...owledge_sources.yaml', knowledge_enrich_enabled=False, knowledge_ingest_embed_batch=16, knowledge_ingest_concurrency=2) = WorkerSettings(god_mode=True)

tests/test_routing_policy_god.py:24: AssertionError
________________________ test_fast_path_allowlist_union ________________________

    def test_fast_path_allowlist_union() -> None:
        base = fast_path_auto_execute_allowlist(WorkerSettings())
        god = fast_path_auto_execute_allowlist(WorkerSettings(god_mode=True))
        assert "echo" in base and "echo" in god
        assert "execute_shell_command" not in base
>       assert "execute_shell_command" in god
E       AssertionError: assert 'execute_shell_command' in frozenset({'audit_observability_stack', 'echo', 'forecast_memory_risk_vm', 'forecast_metric_prophet', 'get_historical_series_dataframe', 'k8s_list_pods', ...})

tests/test_routing_policy_god.py:34: AssertionError
__________ test_expand_god_mode_sets_auto_execute_for_shell_template ___________

    def test_expand_god_mode_sets_auto_execute_for_shell_template() -> None:
        seed = SopSeedFile(
            version=1,
            templates=[
                SopTemplateModel(
                    template_id="shell_one",
                    allow_auto_execute=True,
                    tool="execute_shell_command",
                    args={"command": "kubectl version --client"},
                    match_text_template="cli check {x}",
                    slots={"x": ["a"]},
                ),
            ],
        )
        default_entries = expand_entries(seed, max_total=10, god_mode=False)
        god_entries = expand_entries(seed, max_total=10, god_mode=True)
        assert default_entries[0].auto_execute is False
>       assert god_entries[0].auto_execute is True
E       assert False is True
E        +  where False = ExpandedSopEntry(template_id='shell_one', variant_key='{"x": "a"}', point_id='6a5829c8-8969-512f-858b-f78db9b85a70', match_text='cli check a', tool='execute_shell_command', args={'command': 'kubectl version --client'}, auto_execute=False).auto_execute

tests/test_sop_expand_god.py:25: AssertionError
___________________ test_run_ingest_dry_run_calls_no_upsert ____________________

    @pytest.mark.asyncio
    async def test_run_ingest_dry_run_calls_no_upsert() -> None:
        settings = WorkerSettings(
            sop_seed_path=str(_FIXTURE),
            max_sop_contexts=500,
            sop_ingest_embed_batch=8,
            sop_ingest_upsert_batch=16,
        )
        mock_pool = AsyncMock()
        mock_store = MagicMock()
        mock_store.upsert = AsyncMock()
        mock_store.close = AsyncMock()
    
        with patch("training.sop_ingest.init_pg_pool", new_callable=AsyncMock, return_value=mock_pool):
            with patch("training.sop_ingest.PGVectorStore", return_value=mock_store):
    
                async def ollama_embed(*, model: str, input: list | str, **kw):  # noqa: A002
                    n = len(input) if isinstance(input, list) else 1
                    return {"embeddings": [[0.1] * 768 for _ in range(n)]}
    
                ollama_close = AsyncMock()
                with patch("training.sop_ingest.OllamaClient") as Oc:
                    o = MagicMock()
                    o.embed = AsyncMock(side_effect=ollama_embed)
                    o.aclose = ollama_close
                    Oc.return_value = o
>                   n = await run_ingest(
                        settings=settings,
                        seed_path=_FIXTURE,
                        dry_run=True,
                    )

tests/test_sop_ingest.py:42: 
_ _ _ _ _ _ _ _ _ _ _ _ _ _ _ _ _ _ _ _ _ _ _ _ _ _ _ _ _ _ _ _ _ _ _ _ _ _ _ _ 
src/training/sop_ingest.py:87: in run_ingest
    pg_settings = PostgresRAGSettings()
                  ^^^^^^^^^^^^^^^^^^^^^
_ _ _ _ _ _ _ _ _ _ _ _ _ _ _ _ _ _ _ _ _ _ _ _ _ _ _ _ _ _ _ _ _ _ _ _ _ _ _ _ 

__pydantic_self__ = PostgresRAGSettings(), _case_sensitive = None
_nested_model_default_partial_update = None, _env_prefix = None
_env_prefix_target = None, _env_file = PosixPath('.'), _env_file_encoding = None
_env_ignore_empty = None, _env_nested_delimiter = None
_env_nested_max_split = None, _env_parse_none_str = None
_env_parse_enums = None, _cli_prog_name = None, _cli_parse_args = None
_cli_settings_source = None, _cli_parse_none_str = None
_cli_hide_none_type = None, _cli_avoid_json = None, _cli_enforce_required = None
_cli_use_class_docs_for_groups = None, _cli_exit_on_error = None
_cli_prefix = None, _cli_flag_prefix_char = None, _cli_implicit_flags = None
_cli_ignore_unknown_args = None, _cli_kebab_case = None, _cli_shortcuts = None
_secrets_dir = None, _build_sources = None, values = {}
sources = (InitSettingsSource(init_kwargs={}), EnvSettingsSource(env_nested_delimiter=None, env_prefix_len=9), DotEnvSettingsSou...efix_len=9), SecretsSettingsSource(secrets_dir=None), DefaultSettingsSource(nested_model_default_partial_update=False))
init_kwargs = {}

    def __init__(
        __pydantic_self__,
        _case_sensitive: bool | None = None,
        _nested_model_default_partial_update: bool | None = None,
        _env_prefix: str | None = None,
        _env_prefix_target: EnvPrefixTarget | None = None,
        _env_file: DotenvType | None = ENV_FILE_SENTINEL,
        _env_file_encoding: str | None = None,
        _env_ignore_empty: bool | None = None,
        _env_nested_delimiter: str | None = None,
        _env_nested_max_split: int | None = None,
        _env_parse_none_str: str | None = None,
        _env_parse_enums: bool | None = None,
        _cli_prog_name: str | None = None,
        _cli_parse_args: bool | list[str] | tuple[str, ...] | None = None,
        _cli_settings_source: CliSettingsSource[Any] | None = None,
        _cli_parse_none_str: str | None = None,
        _cli_hide_none_type: bool | None = None,
        _cli_avoid_json: bool | None = None,
        _cli_enforce_required: bool | None = None,
        _cli_use_class_docs_for_groups: bool | None = None,
        _cli_exit_on_error: bool | None = None,
        _cli_prefix: str | None = None,
        _cli_flag_prefix_char: str | None = None,
        _cli_implicit_flags: bool | Literal['dual', 'toggle'] | None = None,
        _cli_ignore_unknown_args: bool | None = None,
        _cli_kebab_case: bool | Literal['all', 'no_enums'] | None = None,
        _cli_shortcuts: Mapping[str, str | list[str]] | None = None,
        _secrets_dir: PathType | None = None,
        _build_sources: tuple[tuple[PydanticBaseSettingsSource, ...], dict[str, Any]] | None = None,
        **values: Any,
    ) -> None:
        sources, init_kwargs = (
            _build_sources
            if _build_sources is not None
            else __pydantic_self__.__class__._settings_init_sources(
                _case_sensitive=_case_sensitive,
                _nested_model_default_partial_update=_nested_model_default_partial_update,
                _env_prefix=_env_prefix,
                _env_prefix_target=_env_prefix_target,
                _env_file=_env_file,
                _env_file_encoding=_env_file_encoding,
                _env_ignore_empty=_env_ignore_empty,
                _env_nested_delimiter=_env_nested_delimiter,
                _env_nested_max_split=_env_nested_max_split,
                _env_parse_none_str=_env_parse_none_str,
                _env_parse_enums=_env_parse_enums,
                _cli_prog_name=_cli_prog_name,
                _cli_parse_args=_cli_parse_args,
                _cli_settings_source=_cli_settings_source,
                _cli_parse_none_str=_cli_parse_none_str,
                _cli_hide_none_type=_cli_hide_none_type,
                _cli_avoid_json=_cli_avoid_json,
                _cli_enforce_required=_cli_enforce_required,
                _cli_use_class_docs_for_groups=_cli_use_class_docs_for_groups,
                _cli_exit_on_error=_cli_exit_on_error,
                _cli_prefix=_cli_prefix,
                _cli_flag_prefix_char=_cli_flag_prefix_char,
                _cli_implicit_flags=_cli_implicit_flags,
                _cli_ignore_unknown_args=_cli_ignore_unknown_args,
                _cli_kebab_case=_cli_kebab_case,
                _cli_shortcuts=_cli_shortcuts,
                _secrets_dir=_secrets_dir,
                **values,
            )
        )
    
>       super().__init__(**__pydantic_self__.__class__._settings_build_values(sources, init_kwargs))
E       pydantic_core._pydantic_core.ValidationError: 1 validation error for PostgresRAGSettings
E       rag_dsn
E         Value error, POSTGRES_RAG_DSN must be injected from Secret; placeholder/default password is not allowed. [type=value_error, input_value='postgresql://appuser:${O...pool-gateway:5432/ragdb', input_type=str]
E           For further information visit https://errors.pydantic.dev/2.12/v/value_error

.venv/lib/python3.13/site-packages/pydantic_settings/main.py:242: ValidationError
________________________ test_run_ingest_upsert_batches ________________________

    @pytest.mark.asyncio
    async def test_run_ingest_upsert_batches() -> None:
        settings = WorkerSettings(
            sop_seed_path=str(_FIXTURE),
            max_sop_contexts=500,
            sop_ingest_embed_batch=4,
            sop_ingest_upsert_batch=8,
            training_ollama_concurrency=2,
        )
        batches: list[int] = []
    
        async def upsert_side_effect(*, collection_name: str, points: list) -> None:
            batches.append(len(points))
    
        mock_pool = AsyncMock()
        mock_store = MagicMock()
        mock_store.upsert = AsyncMock(side_effect=upsert_side_effect)
        mock_store.close = AsyncMock()
    
        with patch("training.sop_ingest.init_pg_pool", new_callable=AsyncMock, return_value=mock_pool):
            with patch("training.sop_ingest.PGVectorStore", return_value=mock_store):
    
                async def embed_side_effect(*, model: str, input: list, **kw):  # noqa: A002
                    n = len(input) if isinstance(input, list) else 1
                    return {"embeddings": [[0.02 * (i % 7)] * 768 for i in range(n)]}
    
                with patch("training.sop_ingest.OllamaClient") as Oc:
                    o = MagicMock()
                    o.embed = AsyncMock(side_effect=embed_side_effect)
                    o.aclose = AsyncMock()
                    Oc.return_value = o
>                   n = await run_ingest(settings=settings, seed_path=_FIXTURE, dry_run=False)
                        ^^^^^^^^^^^^^^^^^^^^^^^^^^^^^^^^^^^^^^^^^^^^^^^^^^^^^^^^^^^^^^^^^^^^^^

tests/test_sop_ingest.py:82: 
_ _ _ _ _ _ _ _ _ _ _ _ _ _ _ _ _ _ _ _ _ _ _ _ _ _ _ _ _ _ _ _ _ _ _ _ _ _ _ _ 
src/training/sop_ingest.py:87: in run_ingest
    pg_settings = PostgresRAGSettings()
                  ^^^^^^^^^^^^^^^^^^^^^
_ _ _ _ _ _ _ _ _ _ _ _ _ _ _ _ _ _ _ _ _ _ _ _ _ _ _ _ _ _ _ _ _ _ _ _ _ _ _ _ 

__pydantic_self__ = PostgresRAGSettings(), _case_sensitive = None
_nested_model_default_partial_update = None, _env_prefix = None
_env_prefix_target = None, _env_file = PosixPath('.'), _env_file_encoding = None
_env_ignore_empty = None, _env_nested_delimiter = None
_env_nested_max_split = None, _env_parse_none_str = None
_env_parse_enums = None, _cli_prog_name = None, _cli_parse_args = None
_cli_settings_source = None, _cli_parse_none_str = None
_cli_hide_none_type = None, _cli_avoid_json = None, _cli_enforce_required = None
_cli_use_class_docs_for_groups = None, _cli_exit_on_error = None
_cli_prefix = None, _cli_flag_prefix_char = None, _cli_implicit_flags = None
_cli_ignore_unknown_args = None, _cli_kebab_case = None, _cli_shortcuts = None
_secrets_dir = None, _build_sources = None, values = {}
sources = (InitSettingsSource(init_kwargs={}), EnvSettingsSource(env_nested_delimiter=None, env_prefix_len=9), DotEnvSettingsSou...efix_len=9), SecretsSettingsSource(secrets_dir=None), DefaultSettingsSource(nested_model_default_partial_update=False))
init_kwargs = {}

    def __init__(
        __pydantic_self__,
        _case_sensitive: bool | None = None,
        _nested_model_default_partial_update: bool | None = None,
        _env_prefix: str | None = None,
        _env_prefix_target: EnvPrefixTarget | None = None,
        _env_file: DotenvType | None = ENV_FILE_SENTINEL,
        _env_file_encoding: str | None = None,
        _env_ignore_empty: bool | None = None,
        _env_nested_delimiter: str | None = None,
        _env_nested_max_split: int | None = None,
        _env_parse_none_str: str | None = None,
        _env_parse_enums: bool | None = None,
        _cli_prog_name: str | None = None,
        _cli_parse_args: bool | list[str] | tuple[str, ...] | None = None,
        _cli_settings_source: CliSettingsSource[Any] | None = None,
        _cli_parse_none_str: str | None = None,
        _cli_hide_none_type: bool | None = None,
        _cli_avoid_json: bool | None = None,
        _cli_enforce_required: bool | None = None,
        _cli_use_class_docs_for_groups: bool | None = None,
        _cli_exit_on_error: bool | None = None,
        _cli_prefix: str | None = None,
        _cli_flag_prefix_char: str | None = None,
        _cli_implicit_flags: bool | Literal['dual', 'toggle'] | None = None,
        _cli_ignore_unknown_args: bool | None = None,
        _cli_kebab_case: bool | Literal['all', 'no_enums'] | None = None,
        _cli_shortcuts: Mapping[str, str | list[str]] | None = None,
        _secrets_dir: PathType | None = None,
        _build_sources: tuple[tuple[PydanticBaseSettingsSource, ...], dict[str, Any]] | None = None,
        **values: Any,
    ) -> None:
        sources, init_kwargs = (
            _build_sources
            if _build_sources is not None
            else __pydantic_self__.__class__._settings_init_sources(
                _case_sensitive=_case_sensitive,
                _nested_model_default_partial_update=_nested_model_default_partial_update,
                _env_prefix=_env_prefix,
                _env_prefix_target=_env_prefix_target,
                _env_file=_env_file,
                _env_file_encoding=_env_file_encoding,
                _env_ignore_empty=_env_ignore_empty,
                _env_nested_delimiter=_env_nested_delimiter,
                _env_nested_max_split=_env_nested_max_split,
                _env_parse_none_str=_env_parse_none_str,
                _env_parse_enums=_env_parse_enums,
                _cli_prog_name=_cli_prog_name,
                _cli_parse_args=_cli_parse_args,
                _cli_settings_source=_cli_settings_source,
                _cli_parse_none_str=_cli_parse_none_str,
                _cli_hide_none_type=_cli_hide_none_type,
                _cli_avoid_json=_cli_avoid_json,
                _cli_enforce_required=_cli_enforce_required,
                _cli_use_class_docs_for_groups=_cli_use_class_docs_for_groups,
                _cli_exit_on_error=_cli_exit_on_error,
                _cli_prefix=_cli_prefix,
                _cli_flag_prefix_char=_cli_flag_prefix_char,
                _cli_implicit_flags=_cli_implicit_flags,
                _cli_ignore_unknown_args=_cli_ignore_unknown_args,
                _cli_kebab_case=_cli_kebab_case,
                _cli_shortcuts=_cli_shortcuts,
                _secrets_dir=_secrets_dir,
                **values,
            )
        )
    
>       super().__init__(**__pydantic_self__.__class__._settings_build_values(sources, init_kwargs))
E       pydantic_core._pydantic_core.ValidationError: 1 validation error for PostgresRAGSettings
E       rag_dsn
E         Value error, POSTGRES_RAG_DSN must be injected from Secret; placeholder/default password is not allowed. [type=value_error, input_value='postgresql://appuser:${O...pool-gateway:5432/ragdb', input_type=str]
E           For further information visit https://errors.pydantic.dev/2.12/v/value_error

.venv/lib/python3.13/site-packages/pydantic_settings/main.py:242: ValidationError
=========================== short test summary info ============================
FAILED tests/test_diagnostic_dictionary.py::test_classify_crash_hint - Assert...
FAILED tests/test_handlers.py::test_slow_path_system_messages_god_vs_sdk - as...
FAILED tests/test_handlers_inbound_preview.py::test_build_agentic_unattended_god_sdk_first_no_god_fewshot
FAILED tests/test_routing_experience.py::test_record_routing_god_auto_execute_shell
FAILED tests/test_routing_policy_god.py::test_shell_fast_path_enabled - Asser...
FAILED tests/test_routing_policy_god.py::test_is_fast_path_auto_allowed_execute_shell_god_only
FAILED tests/test_routing_policy_god.py::test_fast_path_allowlist_union - Ass...
FAILED tests/test_sop_expand_god.py::test_expand_god_mode_sets_auto_execute_for_shell_template
FAILED tests/test_sop_ingest.py::test_run_ingest_dry_run_calls_no_upsert - py...
FAILED tests/test_sop_ingest.py::test_run_ingest_upsert_batches - pydantic_co...
10 failed, 435 passed in 3.47s
[rag-train-loop] FAIL: pytest iteration 4
[rag-train-loop] iteration 4 FAILED (5s)
[rag-train-loop] ========== iteration 5/5 ==========
[rag-train-loop] pytest (exclude integration)...
........................................................................ [ 16%]
...................................................F.................... [ 32%]
...............................................F.......F................ [ 48%]
........................................................................ [ 64%]
........................................................................ [ 80%]
..F.FFF....................................FFF.......................... [ 97%]
.............                                                            [100%]
=================================== FAILURES ===================================
___________________________ test_classify_crash_hint ___________________________

    def test_classify_crash_hint() -> None:
        root = Path(__file__).resolve().parents[1]
        m = load_diagnostic_matrix(root / "config" / "diagnostic_matrix.yaml")
        ev = AnomalyEvent(
            trace_id="trace-1",
            canonical_query="sum(kube_pod_container_status_waiting_reason)",
            error_hint="crash_loop_backoff",
        )
        row = classify_event(ev, m)
        assert row is not None
>       assert row.symptom_group == "crash_loop_backoff"
E       AssertionError: assert 'generic_unclassified' == 'crash_loop_backoff'
E         
E         - crash_loop_backoff
E         + generic_unclassified

tests/test_diagnostic_dictionary.py:28: AssertionError
__________________ test_slow_path_system_messages_god_vs_sdk ___________________

    def test_slow_path_system_messages_god_vs_sdk() -> None:
        ctx = MagicMock(spec=WorkerHandlerContext)
        ctx.settings = WorkerSettings()
        msgs = _slow_path_system_messages_for_ctx(ctx)
        assert len(msgs) == 2
        assert "SRE Command Generator" in msgs[0]["content"]
        assert "SDK-only" in msgs[1]["content"] or "Cấm** subprocess" in msgs[1]["content"]
    
        ctx.settings = WorkerSettings(god_mode=True)
        msgs_g = _slow_path_system_messages_for_ctx(ctx)
        assert "SRE Command Generator" in msgs_g[0]["content"]
>       assert "God mode" in msgs_g[1]["content"] or "god" in msgs_g[1]["content"].lower()
E       assert ('God mode' in '**Required output:** exactly **one** JSON `{"tool":"...","args":{...}}` — no markdown, no ```, no prose. If only mess...uage summary must be at most 25 words (English; whitespace-separated). JSON: single object. No Vietnamese tool names. ' or 'god' in '**required output:** exactly **one** json `{"tool":"...","args":{...}}` — no markdown, no ```, no prose. if only mess...uage summary must be at most 25 words (english; whitespace-separated). json: single object. no vietnamese tool names. ')
E        +  where '**required output:** exactly **one** json `{"tool":"...","args":{...}}` — no markdown, no ```, no prose. if only mess...uage summary must be at most 25 words (english; whitespace-separated). json: single object. no vietnamese tool names. ' = <built-in method lower of str object at 0x128b10800>()
E        +    where <built-in method lower of str object at 0x128b10800> = '**Required output:** exactly **one** JSON `{"tool":"...","args":{...}}` — no markdown, no ```, no prose. If only mess...uage summary must be at most 25 words (English; whitespace-separated). JSON: single object. No Vietnamese tool names. '.lower

tests/test_handlers.py:298: AssertionError
__________ test_build_agentic_unattended_god_sdk_first_no_god_fewshot __________

    def test_build_agentic_unattended_god_sdk_first_no_god_fewshot() -> None:
        """God/lab unattended must not inject SLOW_SYSTEM_GOD few-shot (shell-first for kubectl top)."""
        ctx = MagicMock()
        ctx.settings = WorkerSettings(god_mode=True)
        msgs = build_agentic_system_messages(ctx, unattended_alert=True)
        blob = "\n".join(str(m.get("content", "")) for m in msgs)
>       assert "LAB_SHELL" in blob or "last resort" in blob.lower()
E       assert ('LAB_SHELL' in "You are an **SRE Command Generator** (unattended alert — no chat user). FORBIDDEN: prose outside JSON. Every turn MUS...ssing identifiers' before discovery.\n- Escalate only after tools fail or for genuine safety/policy (`args.reason`).\n" or 'last resort' in "you are an **sre command generator** (unattended alert — no chat user). forbidden: prose outside json. every turn mus...ssing identifiers' before discovery.\n- escalate only after tools fail or for genuine safety/policy (`args.reason`).\n")
E        +  where "you are an **sre command generator** (unattended alert — no chat user). forbidden: prose outside json. every turn mus...ssing identifiers' before discovery.\n- escalate only after tools fail or for genuine safety/policy (`args.reason`).\n" = <built-in method lower of str object at 0x128b2de00>()
E        +    where <built-in method lower of str object at 0x128b2de00> = "You are an **SRE Command Generator** (unattended alert — no chat user). FORBIDDEN: prose outside JSON. Every turn MUS...ssing identifiers' before discovery.\n- Escalate only after tools fail or for genuine safety/policy (`args.reason`).\n".lower

tests/test_handlers_inbound_preview.py:151: AssertionError
__________________ test_record_routing_god_auto_execute_shell __________________

    @pytest.mark.asyncio
    async def test_record_routing_god_auto_execute_shell() -> None:
        ws = WorkerSettings(god_mode=True)
        ctx = MagicMock()
        ctx.settings = ws
        ctx.inbound_user_text = "chạy kubectl get pods cho anh"
        ctx.ollama = MagicMock()
        ctx.ollama.embed = AsyncMock(return_value={"embedding": [0.05] * 768})
        ctx.vector_store = MagicMock()
        ctx.vector_store.upsert = AsyncMock()
        ctx.semaphore = MagicMock()
        ctx.semaphore.acquire = AsyncMock(return_value="tok")
        ctx.semaphore.release = AsyncMock()
        ctx.ollama_slot_held = False
    
        await record_routing_from_success(
            ctx,
            tool="execute_shell_command",
            args={"command": "kubectl get pods -A"},
            trace_id="tg",
        )
        pt = ctx.vector_store.upsert.call_args.kwargs["points"][0]
>       assert pt.payload["auto_execute"] is True
E       assert False is True

tests/test_routing_experience.py:176: AssertionError
_________________________ test_shell_fast_path_enabled _________________________

    def test_shell_fast_path_enabled() -> None:
        assert shell_fast_path_enabled(None) is False
        assert shell_fast_path_enabled(WorkerSettings()) is False
>       assert shell_fast_path_enabled(WorkerSettings(god_mode=True)) is True
E       AssertionError: assert False is True
E        +  where False = shell_fast_path_enabled(WorkerSettings(redis_url='redis://redis:6379/0', redis_sentinel_hosts='', redis_sentinel_master_name='mymaster', kafka...owledge_sources.yaml', knowledge_enrich_enabled=False, knowledge_ingest_embed_batch=16, knowledge_ingest_concurrency=2))
E        +    where WorkerSettings(redis_url='redis://redis:6379/0', redis_sentinel_hosts='', redis_sentinel_master_name='mymaster', kafka...owledge_sources.yaml', knowledge_enrich_enabled=False, knowledge_ingest_embed_batch=16, knowledge_ingest_concurrency=2) = WorkerSettings(god_mode=True)

tests/test_routing_policy_god.py:17: AssertionError
____________ test_is_fast_path_auto_allowed_execute_shell_god_only _____________

    def test_is_fast_path_auto_allowed_execute_shell_god_only() -> None:
        assert is_fast_path_auto_allowed("execute_shell_command", None) is False
        assert is_fast_path_auto_allowed("execute_shell_command", WorkerSettings()) is False
>       assert is_fast_path_auto_allowed("execute_shell_command", WorkerSettings(god_mode=True)) is True
E       AssertionError: assert False is True
E        +  where False = is_fast_path_auto_allowed('execute_shell_command', WorkerSettings(redis_url='redis://redis:6379/0', redis_sentinel_hosts='', redis_sentinel_master_name='mymaster', kafka...owledge_sources.yaml', knowledge_enrich_enabled=False, knowledge_ingest_embed_batch=16, knowledge_ingest_concurrency=2))
E        +    where WorkerSettings(redis_url='redis://redis:6379/0', redis_sentinel_hosts='', redis_sentinel_master_name='mymaster', kafka...owledge_sources.yaml', knowledge_enrich_enabled=False, knowledge_ingest_embed_batch=16, knowledge_ingest_concurrency=2) = WorkerSettings(god_mode=True)

tests/test_routing_policy_god.py:24: AssertionError
________________________ test_fast_path_allowlist_union ________________________

    def test_fast_path_allowlist_union() -> None:
        base = fast_path_auto_execute_allowlist(WorkerSettings())
        god = fast_path_auto_execute_allowlist(WorkerSettings(god_mode=True))
        assert "echo" in base and "echo" in god
        assert "execute_shell_command" not in base
>       assert "execute_shell_command" in god
E       AssertionError: assert 'execute_shell_command' in frozenset({'audit_observability_stack', 'echo', 'forecast_memory_risk_vm', 'forecast_metric_prophet', 'get_historical_series_dataframe', 'k8s_list_pods', ...})

tests/test_routing_policy_god.py:34: AssertionError
__________ test_expand_god_mode_sets_auto_execute_for_shell_template ___________

    def test_expand_god_mode_sets_auto_execute_for_shell_template() -> None:
        seed = SopSeedFile(
            version=1,
            templates=[
                SopTemplateModel(
                    template_id="shell_one",
                    allow_auto_execute=True,
                    tool="execute_shell_command",
                    args={"command": "kubectl version --client"},
                    match_text_template="cli check {x}",
                    slots={"x": ["a"]},
                ),
            ],
        )
        default_entries = expand_entries(seed, max_total=10, god_mode=False)
        god_entries = expand_entries(seed, max_total=10, god_mode=True)
        assert default_entries[0].auto_execute is False
>       assert god_entries[0].auto_execute is True
E       assert False is True
E        +  where False = ExpandedSopEntry(template_id='shell_one', variant_key='{"x": "a"}', point_id='6a5829c8-8969-512f-858b-f78db9b85a70', match_text='cli check a', tool='execute_shell_command', args={'command': 'kubectl version --client'}, auto_execute=False).auto_execute

tests/test_sop_expand_god.py:25: AssertionError
___________________ test_run_ingest_dry_run_calls_no_upsert ____________________

    @pytest.mark.asyncio
    async def test_run_ingest_dry_run_calls_no_upsert() -> None:
        settings = WorkerSettings(
            sop_seed_path=str(_FIXTURE),
            max_sop_contexts=500,
            sop_ingest_embed_batch=8,
            sop_ingest_upsert_batch=16,
        )
        mock_pool = AsyncMock()
        mock_store = MagicMock()
        mock_store.upsert = AsyncMock()
        mock_store.close = AsyncMock()
    
        with patch("training.sop_ingest.init_pg_pool", new_callable=AsyncMock, return_value=mock_pool):
            with patch("training.sop_ingest.PGVectorStore", return_value=mock_store):
    
                async def ollama_embed(*, model: str, input: list | str, **kw):  # noqa: A002
                    n = len(input) if isinstance(input, list) else 1
                    return {"embeddings": [[0.1] * 768 for _ in range(n)]}
    
                ollama_close = AsyncMock()
                with patch("training.sop_ingest.OllamaClient") as Oc:
                    o = MagicMock()
                    o.embed = AsyncMock(side_effect=ollama_embed)
                    o.aclose = ollama_close
                    Oc.return_value = o
>                   n = await run_ingest(
                        settings=settings,
                        seed_path=_FIXTURE,
                        dry_run=True,
                    )

tests/test_sop_ingest.py:42: 
_ _ _ _ _ _ _ _ _ _ _ _ _ _ _ _ _ _ _ _ _ _ _ _ _ _ _ _ _ _ _ _ _ _ _ _ _ _ _ _ 
src/training/sop_ingest.py:87: in run_ingest
    pg_settings = PostgresRAGSettings()
                  ^^^^^^^^^^^^^^^^^^^^^
_ _ _ _ _ _ _ _ _ _ _ _ _ _ _ _ _ _ _ _ _ _ _ _ _ _ _ _ _ _ _ _ _ _ _ _ _ _ _ _ 

__pydantic_self__ = PostgresRAGSettings(), _case_sensitive = None
_nested_model_default_partial_update = None, _env_prefix = None
_env_prefix_target = None, _env_file = PosixPath('.'), _env_file_encoding = None
_env_ignore_empty = None, _env_nested_delimiter = None
_env_nested_max_split = None, _env_parse_none_str = None
_env_parse_enums = None, _cli_prog_name = None, _cli_parse_args = None
_cli_settings_source = None, _cli_parse_none_str = None
_cli_hide_none_type = None, _cli_avoid_json = None, _cli_enforce_required = None
_cli_use_class_docs_for_groups = None, _cli_exit_on_error = None
_cli_prefix = None, _cli_flag_prefix_char = None, _cli_implicit_flags = None
_cli_ignore_unknown_args = None, _cli_kebab_case = None, _cli_shortcuts = None
_secrets_dir = None, _build_sources = None, values = {}
sources = (InitSettingsSource(init_kwargs={}), EnvSettingsSource(env_nested_delimiter=None, env_prefix_len=9), DotEnvSettingsSou...efix_len=9), SecretsSettingsSource(secrets_dir=None), DefaultSettingsSource(nested_model_default_partial_update=False))
init_kwargs = {}

    def __init__(
        __pydantic_self__,
        _case_sensitive: bool | None = None,
        _nested_model_default_partial_update: bool | None = None,
        _env_prefix: str | None = None,
        _env_prefix_target: EnvPrefixTarget | None = None,
        _env_file: DotenvType | None = ENV_FILE_SENTINEL,
        _env_file_encoding: str | None = None,
        _env_ignore_empty: bool | None = None,
        _env_nested_delimiter: str | None = None,
        _env_nested_max_split: int | None = None,
        _env_parse_none_str: str | None = None,
        _env_parse_enums: bool | None = None,
        _cli_prog_name: str | None = None,
        _cli_parse_args: bool | list[str] | tuple[str, ...] | None = None,
        _cli_settings_source: CliSettingsSource[Any] | None = None,
        _cli_parse_none_str: str | None = None,
        _cli_hide_none_type: bool | None = None,
        _cli_avoid_json: bool | None = None,
        _cli_enforce_required: bool | None = None,
        _cli_use_class_docs_for_groups: bool | None = None,
        _cli_exit_on_error: bool | None = None,
        _cli_prefix: str | None = None,
        _cli_flag_prefix_char: str | None = None,
        _cli_implicit_flags: bool | Literal['dual', 'toggle'] | None = None,
        _cli_ignore_unknown_args: bool | None = None,
        _cli_kebab_case: bool | Literal['all', 'no_enums'] | None = None,
        _cli_shortcuts: Mapping[str, str | list[str]] | None = None,
        _secrets_dir: PathType | None = None,
        _build_sources: tuple[tuple[PydanticBaseSettingsSource, ...], dict[str, Any]] | None = None,
        **values: Any,
    ) -> None:
        sources, init_kwargs = (
            _build_sources
            if _build_sources is not None
            else __pydantic_self__.__class__._settings_init_sources(
                _case_sensitive=_case_sensitive,
                _nested_model_default_partial_update=_nested_model_default_partial_update,
                _env_prefix=_env_prefix,
                _env_prefix_target=_env_prefix_target,
                _env_file=_env_file,
                _env_file_encoding=_env_file_encoding,
                _env_ignore_empty=_env_ignore_empty,
                _env_nested_delimiter=_env_nested_delimiter,
                _env_nested_max_split=_env_nested_max_split,
                _env_parse_none_str=_env_parse_none_str,
                _env_parse_enums=_env_parse_enums,
                _cli_prog_name=_cli_prog_name,
                _cli_parse_args=_cli_parse_args,
                _cli_settings_source=_cli_settings_source,
                _cli_parse_none_str=_cli_parse_none_str,
                _cli_hide_none_type=_cli_hide_none_type,
                _cli_avoid_json=_cli_avoid_json,
                _cli_enforce_required=_cli_enforce_required,
                _cli_use_class_docs_for_groups=_cli_use_class_docs_for_groups,
                _cli_exit_on_error=_cli_exit_on_error,
                _cli_prefix=_cli_prefix,
                _cli_flag_prefix_char=_cli_flag_prefix_char,
                _cli_implicit_flags=_cli_implicit_flags,
                _cli_ignore_unknown_args=_cli_ignore_unknown_args,
                _cli_kebab_case=_cli_kebab_case,
                _cli_shortcuts=_cli_shortcuts,
                _secrets_dir=_secrets_dir,
                **values,
            )
        )
    
>       super().__init__(**__pydantic_self__.__class__._settings_build_values(sources, init_kwargs))
E       pydantic_core._pydantic_core.ValidationError: 1 validation error for PostgresRAGSettings
E       rag_dsn
E         Value error, POSTGRES_RAG_DSN must be injected from Secret; placeholder/default password is not allowed. [type=value_error, input_value='postgresql://appuser:${O...pool-gateway:5432/ragdb', input_type=str]
E           For further information visit https://errors.pydantic.dev/2.12/v/value_error

.venv/lib/python3.13/site-packages/pydantic_settings/main.py:242: ValidationError
________________________ test_run_ingest_upsert_batches ________________________

    @pytest.mark.asyncio
    async def test_run_ingest_upsert_batches() -> None:
        settings = WorkerSettings(
            sop_seed_path=str(_FIXTURE),
            max_sop_contexts=500,
            sop_ingest_embed_batch=4,
            sop_ingest_upsert_batch=8,
            training_ollama_concurrency=2,
        )
        batches: list[int] = []
    
        async def upsert_side_effect(*, collection_name: str, points: list) -> None:
            batches.append(len(points))
    
        mock_pool = AsyncMock()
        mock_store = MagicMock()
        mock_store.upsert = AsyncMock(side_effect=upsert_side_effect)
        mock_store.close = AsyncMock()
    
        with patch("training.sop_ingest.init_pg_pool", new_callable=AsyncMock, return_value=mock_pool):
            with patch("training.sop_ingest.PGVectorStore", return_value=mock_store):
    
                async def embed_side_effect(*, model: str, input: list, **kw):  # noqa: A002
                    n = len(input) if isinstance(input, list) else 1
                    return {"embeddings": [[0.02 * (i % 7)] * 768 for i in range(n)]}
    
                with patch("training.sop_ingest.OllamaClient") as Oc:
                    o = MagicMock()
                    o.embed = AsyncMock(side_effect=embed_side_effect)
                    o.aclose = AsyncMock()
                    Oc.return_value = o
>                   n = await run_ingest(settings=settings, seed_path=_FIXTURE, dry_run=False)
                        ^^^^^^^^^^^^^^^^^^^^^^^^^^^^^^^^^^^^^^^^^^^^^^^^^^^^^^^^^^^^^^^^^^^^^^

tests/test_sop_ingest.py:82: 
_ _ _ _ _ _ _ _ _ _ _ _ _ _ _ _ _ _ _ _ _ _ _ _ _ _ _ _ _ _ _ _ _ _ _ _ _ _ _ _ 
src/training/sop_ingest.py:87: in run_ingest
    pg_settings = PostgresRAGSettings()
                  ^^^^^^^^^^^^^^^^^^^^^
_ _ _ _ _ _ _ _ _ _ _ _ _ _ _ _ _ _ _ _ _ _ _ _ _ _ _ _ _ _ _ _ _ _ _ _ _ _ _ _ 

__pydantic_self__ = PostgresRAGSettings(), _case_sensitive = None
_nested_model_default_partial_update = None, _env_prefix = None
_env_prefix_target = None, _env_file = PosixPath('.'), _env_file_encoding = None
_env_ignore_empty = None, _env_nested_delimiter = None
_env_nested_max_split = None, _env_parse_none_str = None
_env_parse_enums = None, _cli_prog_name = None, _cli_parse_args = None
_cli_settings_source = None, _cli_parse_none_str = None
_cli_hide_none_type = None, _cli_avoid_json = None, _cli_enforce_required = None
_cli_use_class_docs_for_groups = None, _cli_exit_on_error = None
_cli_prefix = None, _cli_flag_prefix_char = None, _cli_implicit_flags = None
_cli_ignore_unknown_args = None, _cli_kebab_case = None, _cli_shortcuts = None
_secrets_dir = None, _build_sources = None, values = {}
sources = (InitSettingsSource(init_kwargs={}), EnvSettingsSource(env_nested_delimiter=None, env_prefix_len=9), DotEnvSettingsSou...efix_len=9), SecretsSettingsSource(secrets_dir=None), DefaultSettingsSource(nested_model_default_partial_update=False))
init_kwargs = {}

    def __init__(
        __pydantic_self__,
        _case_sensitive: bool | None = None,
        _nested_model_default_partial_update: bool | None = None,
        _env_prefix: str | None = None,
        _env_prefix_target: EnvPrefixTarget | None = None,
        _env_file: DotenvType | None = ENV_FILE_SENTINEL,
        _env_file_encoding: str | None = None,
        _env_ignore_empty: bool | None = None,
        _env_nested_delimiter: str | None = None,
        _env_nested_max_split: int | None = None,
        _env_parse_none_str: str | None = None,
        _env_parse_enums: bool | None = None,
        _cli_prog_name: str | None = None,
        _cli_parse_args: bool | list[str] | tuple[str, ...] | None = None,
        _cli_settings_source: CliSettingsSource[Any] | None = None,
        _cli_parse_none_str: str | None = None,
        _cli_hide_none_type: bool | None = None,
        _cli_avoid_json: bool | None = None,
        _cli_enforce_required: bool | None = None,
        _cli_use_class_docs_for_groups: bool | None = None,
        _cli_exit_on_error: bool | None = None,
        _cli_prefix: str | None = None,
        _cli_flag_prefix_char: str | None = None,
        _cli_implicit_flags: bool | Literal['dual', 'toggle'] | None = None,
        _cli_ignore_unknown_args: bool | None = None,
        _cli_kebab_case: bool | Literal['all', 'no_enums'] | None = None,
        _cli_shortcuts: Mapping[str, str | list[str]] | None = None,
        _secrets_dir: PathType | None = None,
        _build_sources: tuple[tuple[PydanticBaseSettingsSource, ...], dict[str, Any]] | None = None,
        **values: Any,
    ) -> None:
        sources, init_kwargs = (
            _build_sources
            if _build_sources is not None
            else __pydantic_self__.__class__._settings_init_sources(
                _case_sensitive=_case_sensitive,
                _nested_model_default_partial_update=_nested_model_default_partial_update,
                _env_prefix=_env_prefix,
                _env_prefix_target=_env_prefix_target,
                _env_file=_env_file,
                _env_file_encoding=_env_file_encoding,
                _env_ignore_empty=_env_ignore_empty,
                _env_nested_delimiter=_env_nested_delimiter,
                _env_nested_max_split=_env_nested_max_split,
                _env_parse_none_str=_env_parse_none_str,
                _env_parse_enums=_env_parse_enums,
                _cli_prog_name=_cli_prog_name,
                _cli_parse_args=_cli_parse_args,
                _cli_settings_source=_cli_settings_source,
                _cli_parse_none_str=_cli_parse_none_str,
                _cli_hide_none_type=_cli_hide_none_type,
                _cli_avoid_json=_cli_avoid_json,
                _cli_enforce_required=_cli_enforce_required,
                _cli_use_class_docs_for_groups=_cli_use_class_docs_for_groups,
                _cli_exit_on_error=_cli_exit_on_error,
                _cli_prefix=_cli_prefix,
                _cli_flag_prefix_char=_cli_flag_prefix_char,
                _cli_implicit_flags=_cli_implicit_flags,
                _cli_ignore_unknown_args=_cli_ignore_unknown_args,
                _cli_kebab_case=_cli_kebab_case,
                _cli_shortcuts=_cli_shortcuts,
                _secrets_dir=_secrets_dir,
                **values,
            )
        )
    
>       super().__init__(**__pydantic_self__.__class__._settings_build_values(sources, init_kwargs))
E       pydantic_core._pydantic_core.ValidationError: 1 validation error for PostgresRAGSettings
E       rag_dsn
E         Value error, POSTGRES_RAG_DSN must be injected from Secret; placeholder/default password is not allowed. [type=value_error, input_value='postgresql://appuser:${O...pool-gateway:5432/ragdb', input_type=str]
E           For further information visit https://errors.pydantic.dev/2.12/v/value_error

.venv/lib/python3.13/site-packages/pydantic_settings/main.py:242: ValidationError
=========================== short test summary info ============================
FAILED tests/test_diagnostic_dictionary.py::test_classify_crash_hint - Assert...
FAILED tests/test_handlers.py::test_slow_path_system_messages_god_vs_sdk - as...
FAILED tests/test_handlers_inbound_preview.py::test_build_agentic_unattended_god_sdk_first_no_god_fewshot
FAILED tests/test_routing_experience.py::test_record_routing_god_auto_execute_shell
FAILED tests/test_routing_policy_god.py::test_shell_fast_path_enabled - Asser...
FAILED tests/test_routing_policy_god.py::test_is_fast_path_auto_allowed_execute_shell_god_only
FAILED tests/test_routing_policy_god.py::test_fast_path_allowlist_union - Ass...
FAILED tests/test_sop_expand_god.py::test_expand_god_mode_sets_auto_execute_for_shell_template
FAILED tests/test_sop_ingest.py::test_run_ingest_dry_run_calls_no_upsert - py...
FAILED tests/test_sop_ingest.py::test_run_ingest_upsert_batches - pydantic_co...
10 failed, 435 passed in 3.52s
[rag-train-loop] FAIL: pytest iteration 5
[rag-train-loop] iteration 5 FAILED (4s)
[rag-train-loop] summary written: /Users/hiendang/project/reports/rag-training-loops/summary_20260407_154924.json
